product,data,cost,price,quantity
120596,10/1/20,547.66,619,2
120596,10/2/20,548.83,619,2
120596,10/3/20,550.9566667,619,3
120596,10/4/20,547.64,619,3
120596,10/5/20,550.4392308,617.7369231,13
120596,10/6/20,547.63,619,3
120596,10/7/20,564.46,619,3
120596,10/8/20,539.5533333,645.7133333,5
120596,10/9/20,535.28,619,1
120596,10/10/20,556.435,619,2
120596,10/11/20,545.8,619,1
120596,10/12/20,547.7,619,2
120596,10/13/20,560.5471429,619,7
120596,10/14/20,569.1833333,619,6
120596,10/15/20,547.66,619,2
120596,10/16/20,572.225,619.01625,12
120596,10/17/20,547.47,619,1
120596,10/18/20,554.192,619.492,5
120596,10/19/20,562.615,619,4
120596,10/20/20,561.998,619,5
120596,10/21/20,572.57,619,5
120596,10/22/20,568.54,610.5,6
120596,10/23/20,588.5033333,657.7966667,7
120596,10/24/20,582.5333333,619,3
120596,10/25/20,599.94,621.46,1
120596,10/26/20,602.0966667,596,3
120596,10/27/20,597.95,619,2
120596,10/28/20,610.8,619.3514286,7
120596,10/29/20,617.69,619,1
120596,10/30/20,601.44,619,3
120596,10/31/20,596.3,620.6366667,4
120596,11/1/20,597.265,619,2
120596,11/2/20,557.45,549.5,3
120596,11/3/20,574.0966667,619,6
120596,11/4/20,554.83,618,7
120596,11/5/20,597.14,619,3
120596,11/6/20,566.4266667,619,3
120596,11/7/20,573.574,619,6
120596,11/8/20,579.7466667,616.82,7
120596,11/9/20,579.6766667,619,1
120596,11/10/20,572.052,617.822,5
120596,11/11/20,593.774,620.142,6
120596,11/12/20,561.7871429,619,7
120596,11/13/20,587.882,619,5
120596,11/14/20,592.255,619,2
120596,11/15/20,559.5133333,619.82,3
120596,11/16/20,582.5833333,619,3
120596,11/17/20,581.9933333,619,6
120596,11/18/20,541.642,607.972,3
120596,11/19/20,588.9666667,632.8033333,6
120596,11/20/20,579.31,619,7
120596,11/21/20,571.165,645.3033333,4
120596,11/22/20,593.166,619,5
120596,11/23/20,579.7344444,606.9233333,9
120596,11/24/20,584.4425,595.7875,5
120596,11/25/20,585.9166667,609.0516667,6
120596,11/26/20,598.02,619,6
120596,11/27/20,580.7457143,617.1314286,7
120596,11/28/20,586.8985714,619,9
120596,11/29/20,590.226,619,5
120596,11/30/20,594.94,602.6666667,3
120596,12/1/20,579.0785714,618.5714286,8
120596,12/2/20,592.7433333,619,3
120596,12/3/20,582.4428571,619,7
120596,12/4/20,582.6842857,616.6414286,9
120596,12/5/20,585.97,619,1
120596,12/6/20,582.36,605.92,1
120596,12/7/20,577.828,613.772,5
120596,12/8/20,588.19,618.5983333,12
120596,12/9/20,575.058,619,10
120596,12/10/20,574.68,619,6
120596,12/11/20,577.93,619,1
120596,12/12/20,559.8125,598.3675,4
120596,12/13/20,581.92,619,1
120596,12/14/20,569.53,645.7133333,5
120596,12/15/20,568.928,600.43,7
120596,12/16/20,574.82,616.4955556,10
120596,12/17/20,570.2133333,619,6
120596,12/18/20,572.395,615.73,9
120596,12/19/20,574.558,619.492,5
120596,12/20/20,592.27,605.92,1
120596,12/21/20,569.1925,619,10
120596,12/22/20,564.89,619,9
120596,12/23/20,598.085,619,3
120596,12/24/20,574.2342857,610.1571429,8
120596,12/25/20,578.44,639.035,6
120596,12/26/20,568.91,658.455,4
120596,12/27/20,562.0266667,619,3
120596,12/28/20,578.1388889,610.9177778,9
120596,12/29/20,568.948,616.384,5
120596,12/30/20,568.222,619,5
120596,12/31/20,571.2425,619,4
120596,1/1/21,566.1933333,619,3
120596,1/2/21,557.65,619,2
120596,1/3/21,550.89,589.5,2
120596,1/4/21,563.082,613.076,5
120596,1/5/21,566.6125,617.6725,9
120596,1/6/21,576.5985714,617.1314286,7
120596,1/7/21,571.1371429,619,13
120596,1/8/21,574.7483333,608.8133333,13
120596,1/9/21,583.5425,615.73,4
120596,1/10/21,573.03,617.2133333,3
120596,1/11/21,584.2585714,612.8728571,7
120596,1/12/21,582.9425,619,4
120596,1/13/21,580.985,617.365,8
120596,1/14/21,552.72,615.73,8
120596,1/15/21,567.048,605.872,5
120596,1/16/21,565.9983333,619,10
120596,1/17/21,572.895,619,2
120596,1/18/21,565.892,617.69,10
120596,1/19/21,573.0872727,616.62,13
120596,1/20/21,567.1278571,624.9,14
120596,1/21/21,577.028,614.756,5
120596,1/22/21,572.6545455,639.4772727,15
120596,1/23/21,568.76,619,1
120596,1/24/21,559.805,611.75,4
120596,1/25/21,571.02875,617.365,8
120596,1/26/21,565.6475,616.375,8
120596,1/27/21,579.8385714,617.4828571,7
120596,1/28/21,553.7014286,612.6928571,7
120596,1/29/21,579.8633333,619,3
120596,1/30/21,568.364,601.338,5
120596,1/31/21,562.5166667,619,3
120596,2/1/21,577.3272727,615.6363636,11
120596,2/2/21,573.192,612.792,10
120596,2/3/21,571.732,616.384,6
120596,2/4/21,574.4214286,619,7
120596,2/5/21,578.6,613.0428571,7
120596,2/6/21,570.595,597,2
120596,2/7/21,565.49,619,4
120596,2/8/21,582.82,619,4
120596,2/9/21,577.0655556,606.2788889,9
120596,2/10/21,571.1788889,617.5466667,11
120596,2/11/21,565.4211111,619,9
120596,2/12/21,566.6063636,632.7172727,12
120596,2/13/21,563.236,595.586,5
120596,2/14/21,587.465,619,3
120596,2/15/21,571.178,613.2,6
120596,2/16/21,533.24,599.6766667,3
120596,2/17/21,575.4525,619,5
120596,2/18/21,568.5733333,612.4188889,9
120596,2/19/21,568.7375,619,4
120596,2/20/21,565.0928571,619.3514286,8
120596,2/21/21,563.39,595.5975,4
120596,2/22/21,568.889,614.83,8
120596,2/23/21,573.876,614.832,10
120596,2/24/21,567.14375,619,8
120596,2/25/21,573.83,616.138,10
120596,2/26/21,572.235,610.3725,12
120596,2/27/21,571.822,613.768,5
120596,2/28/21,570.71,619,3
120596,3/1/21,571.829,614.894,11
120596,3/2/21,583.1890909,613.7963636,20
120596,3/3/21,572.10125,619,8
120596,3/4/21,572.105,619,2
120596,3/5/21,574.8866667,609.3333333,3
120596,3/6/21,571.965,619,6
120596,3/7/21,533.2766667,606.8733333,3
120596,3/8/21,580.3886667,623.9426667,15
120596,3/9/21,570.0171429,615.2628571,8
120596,3/10/21,580.544,619,5
120596,3/11/21,585.1725,606.65,4
120596,3/12/21,576.53,608.73,4
120596,3/13/21,582.4957143,611.1285714,8
120596,3/14/21,581.1516667,625.8833333,6
120596,3/15/21,582.2,609.7777778,15
120596,3/16/21,579.8872727,620.4345455,11
120596,3/17/21,580.6728571,609.6285714,7
120596,3/18/21,583.5157143,619,7
120596,3/19/21,582.512,617.476,12
120596,3/20/21,577.338,581.112,5
120596,3/21/21,585.12,619,3
120596,3/22/21,586.461,615.1,10
120596,3/23/21,579.8257143,618.1471429,7
120596,3/24/21,585.0114286,624.5914286,9
120596,3/25/21,587.36,611.0885714,8
120596,3/26/21,588.5414286,619,5
120596,3/27/21,587.927,618.857,10
120596,3/28/21,594.86,619,1
120596,3/29/21,581.635,619,4
120596,3/30/21,589.061,619,11
120596,3/31/21,585.7127273,609.5245455,11
120596,4/1/21,589.0683333,619.0033333,6
120596,4/2/21,593.27,619,3
120596,4/3/21,590.555,619,7
120596,4/4/21,586.19,619,2
120596,4/5/21,588.8716667,619,6
120596,4/6/21,593.0122222,652.9444444,11
120596,4/7/21,577.0688889,665.8444444,9
120596,4/8/21,586.14875,666.45,8
120596,4/9/21,588.12875,660.9,8
120596,4/10/21,587.942,661,5
120596,4/11/21,587.748,661,5
120596,4/12/21,591.56125,660.9375,18
120596,4/13/21,591.395,654,8
120596,4/14/21,595.2183333,661,6
120596,4/15/21,594.5176923,657.8461538,13
120596,4/16/21,585.5209091,660,11
120596,4/17/21,607.48,650.1457143,7
120596,4/18/21,603.81,673.2533333,3
120596,4/19/21,600.064,661,11
120596,4/20/21,589.601,661,10
120596,4/21/21,597.132,661,6
120596,4/22/21,593.892,657.1,10
120596,4/23/21,598.0284615,655.7307692,15
120596,4/24/21,605.1766667,661,3
120596,4/25/21,599.61,661,2
120596,4/26/21,603.3230769,661,14
120596,4/27/21,607.405,640.75,2
120596,4/28/21,618.82,661,9
120596,4/29/21,636.8166667,661,3
120596,4/30/21,610.28625,646.675,8
120596,5/1/21,620.4866667,661,7
120596,5/2/21,616.2833333,646.9333333,3
120596,5/3/21,622.2166667,661,3
120596,5/4/21,617.6121429,661,14
120596,5/5/21,617.874,661,5
120596,5/6/21,603.985,661,2
120596,5/7/21,617.87625,657.51375,8
120596,5/8/21,610.61,661,6
120596,5/9/21,613.936,661.05,5
120596,5/10/21,614.885,661,17
120596,5/11/21,620.0746154,655.8461538,13
120596,5/12/21,624.6022222,663.7333333,10
120596,5/13/21,606.024,661,5
120596,5/14/21,621.5645455,653.9245455,12
120596,5/15/21,616.836,654.39,5
120596,5/16/21,625.0733333,661,3
120596,5/17/21,624.446875,661,16
120596,5/18/21,616.4571429,661,8
120596,5/19/21,618.5442857,661,17
120596,5/20/21,624.6742857,655.4528571,7
120596,5/21/21,622.176,661.53,5
120596,5/22/21,632.368,661,6
120596,5/23/21,606.0933333,661,3
120596,5/24/21,606.3192308,654.76,13
120596,5/25/21,620.4716667,654.5283333,7
120596,5/26/21,619.0783333,656.8475,12
120596,5/27/21,622.5581818,661,15
120596,5/28/21,628.3155556,661,9
120596,5/29/21,616.2033333,661,3
120596,5/30/21,624.4,661,1
120596,5/31/21,625.072381,652.492381,19
120596,6/1/21,634.0025,667.9,8
120596,6/2/21,614.2407692,661.2038462,13
120596,6/3/21,631.8166667,631.6333333,3
120596,6/4/21,618.89875,653.035,8
120596,6/5/21,631.0475,661,5
120596,6/6/21,633.105,661,8
120596,6/7/21,632.1706667,657.8666667,13
120596,6/8/21,624.5,661,15
120596,6/9/21,629.705,661,12
120596,6/10/21,617.1407143,660.1428571,13
120596,6/11/21,631.4977778,653.9833333,9
120596,6/12/21,592.372,661,5
120596,6/13/21,625.7888889,661,9
120596,6/14/21,625.9594444,659.2522222,19
120596,6/15/21,628.5381818,660.9090909,11
120596,6/16/21,627.4433333,661,15
120596,6/17/21,632.15375,661,9
120596,6/18/21,634.49375,661,11
120596,6/19/21,624.2016667,661,6
120596,6/20/21,630.3157143,655.4571429,8
120596,6/21/21,627.0961538,661,13
120596,6/22/21,629.5175,656.5,8
120596,6/23/21,632.2936364,658.7272727,12
120596,6/24/21,636.9023077,647,14
120596,6/25/21,633.4222222,657.3277778,9
120596,6/26/21,631.9016667,661,4
120596,6/27/21,616.3766667,661,3
120596,6/28/21,633.3217647,658.8823529,17
120596,6/29/21,617.2633333,654.4166667,10
120596,6/30/21,632.1746154,649.2930769,13
120596,7/1/21,641.2155556,653.6666667,8
120596,7/2/21,635.4053846,664.8153846,14
120596,7/3/21,631.4321429,655.6571429,15
120596,7/4/21,594.0366667,661,3
120596,7/5/21,631.9428571,656.5,16
120596,7/6/21,635.34,649.6954545,11
120596,7/7/21,632.9478947,671.4447368,20
120596,7/8/21,636.4608333,661,13
120596,7/9/21,636.5181818,655.4545455,12
120596,7/10/21,628.997,662.672,10
120596,7/11/21,638.4128571,661,7
120596,7/12/21,638.7738462,658.0130769,13
120596,7/13/21,637.3627273,661,11
120596,7/14/21,625.61,656.05,21
120596,7/15/21,632.8653333,664.64,17
120596,7/16/21,633.4706667,653.3333333,16
120596,7/17/21,631.6628571,656.5714286,7
120596,7/18/21,623.9633333,654.53,6
120596,7/19/21,633.6658333,656.83125,22
120596,7/20/21,635.2633333,661,14
120596,7/21/21,635.0725,648.2741667,12
120596,7/22/21,639.89875,658.934375,17
120596,7/23/21,636.8673684,657.7894737,17
120596,7/24/21,637.812,652.8,5
120596,7/25/21,637.295,661,6
120596,7/26/21,635.8195833,666.6333333,26
120596,7/27/21,633.22,658.4666667,17
120596,7/28/21,634.1675,650.75,4
120596,7/29/21,640.025,664.6333333,10
120596,7/30/21,637.5875,649.3833333,13
120596,7/31/21,637.6516667,650.8333333,6
120596,8/1/21,636.8671429,660.8571429,7
120596,8/2/21,634.8821053,658.3684211,19
120596,8/3/21,638.5871429,655.655,14
120596,8/4/21,635.9365,657.3,20
120596,8/5/21,636.753,659.8,11
120596,8/6/21,637.4561538,665.03,13
120596,8/7/21,634.2822222,653.2922222,10
120596,8/8/21,638.2822222,646.3222222,10
120596,8/9/21,632.7758824,661.8264706,15
120596,8/10/21,628.9153846,659.6923077,13
120596,8/11/21,628.1053333,659.3066667,15
120596,8/12/21,634.1863158,672.4721053,19
120596,8/13/21,636.63,670.5111111,10
120596,8/14/21,635.225,657.15,11
120596,8/15/21,640.1963636,661,11
120596,8/16/21,636.4842105,661,23
120596,8/17/21,638.9917647,671.6911765,17
120596,8/18/21,636.5317647,671.5282353,18
120596,8/19/21,638.2,667.1142857,15
120596,8/20/21,635.33,661,12
120596,8/21/21,641.285,745.28,2
120596,8/22/21,638.2418182,661.2409091,11
120596,8/23/21,634.5184211,652.3831579,20
120596,8/24/21,633.4353846,663.3303846,25
120596,8/25/21,634.0605263,656.6842105,19
120596,8/26/21,638.3338889,663.5983333,19
120596,8/27/21,635.2664706,660.1529412,18
120596,8/28/21,642.21,652.59,11
120596,8/29/21,642.9383333,646.3166667,6
120596,8/30/21,633.1882143,655.8553571,31
120596,8/31/21,628.9546154,667.5415385,13
120596,9/1/21,635.2111765,662.2917647,18
120596,9/2/21,636.456875,658.934375,16
120596,9/3/21,638.6625,665.993125,17
120596,9/4/21,641.722,661,5
120596,9/5/21,634.765,661,2
120596,9/6/21,629.6855556,656.62,18
120596,9/7/21,642.194,661.46,10
120596,9/8/21,630.4816667,661,12
120596,9/9/21,641.252,655.646,16
120596,9/10/21,638.7041667,661,12
120596,9/11/21,640.6416667,653.6666667,12
120596,9/12/21,635.71,653.2,5
120596,9/13/21,633.7686207,658.3172414,29
120596,9/14/21,637.9555,661.38,22
120596,9/15/21,646.4547368,659.3836842,21
120596,9/16/21,641.3381818,661,22
120596,9/17/21,642.5435714,655.93,15
120596,9/18/21,641.1371429,655.8678571,12
120596,9/19/21,642.5444444,666.2766667,9
120596,9/20/21,645.4904545,659.9436364,22
120596,9/21/21,644.2886667,682.0933333,15
120596,9/22/21,634.5344444,663.6166667,18
120596,9/23/21,642.1081818,654.1004545,22
120596,9/24/21,644.44,661,17
120596,9/25/21,642.89875,661,9
120596,9/26/21,646.8233333,650.4225,13
120596,9/27/21,637.8310526,656.5789474,19
120596,9/28/21,642.1354545,654.2913636,22
120596,9/29/21,646.2258333,659.0558333,13
120596,9/30/21,641.791875,657.875,19
120596,10/1/21,638.9061111,658.8427778,19
120596,10/2/21,643.5163636,661,11
120596,10/3/21,637.79,661,5
120596,10/4/21,642.79,652.9214286,21
120596,10/5/21,644.9725,654.9920833,27
120596,10/6/21,640.4426087,658.7391304,25
120596,10/7/21,640.520625,656.135625,16
120596,10/8/21,642.7896296,656.6359259,28
120596,10/9/21,646.04,657.034,17
120596,10/10/21,649.25,661,1
120596,10/11/21,643.5926923,657.1865385,29
120596,10/12/21,646.6125,655.7525,9
120596,10/13/21,648.3075,665.28,20
120596,10/14/21,650.888,659.298,19
120596,10/15/21,647.7711765,664.7270588,17
120596,10/16/21,648.7733333,656.208,17
120596,10/17/21,628.5833333,661,12
120596,10/18/21,644.0996296,656.3681481,27
120596,10/19/21,647.5934483,656.2206897,27
120596,10/20/21,649.5744444,659.1638889,18
120596,10/21/21,645.1313333,655.6763333,32
120596,10/22/21,647.5607143,657.1489286,33
120596,10/23/21,650.4808333,658.4166667,13
120596,10/24/21,652.77,661,2
120596,10/25/21,644.4582609,653.4782609,24
120596,10/26/21,646.617,656.9966667,33
120596,10/27/21,646.4730435,661,23
120596,10/28/21,645.62,661,18
120596,10/29/21,644.8652941,662.3647059,17
120596,10/30/21,644.09,655.4984615,13
120596,10/31/21,648.31,661,6
120596,11/1/21,643.0255556,655.2777778,20
120596,11/2/21,639.079,659.017,10
120596,11/3/21,645.4991667,661.1104167,26
120596,11/4/21,648.0103846,653.5307692,26
120596,11/5/21,646.9861905,648.8,21
120596,11/6/21,645.90875,664.284375,16
120596,11/7/21,647.6983333,661,13
120596,11/8/21,646.947,654.8685,21
120596,11/9/21,647.0914286,657.9010714,30
120596,11/10/21,645.1353333,652.3466667,16
120596,11/11/21,640.9923077,659,11
120596,11/12/21,644.26,658.4375,18
120596,11/13/21,635.1827273,650.2454545,11
120596,11/14/21,647.0933333,661,10
120596,11/15/21,644.0830769,650.7784615,13
120596,11/16/21,647.5965217,652.9204348,23
120596,11/17/21,647.3188462,657.7738462,32
120596,11/18/21,643.5891667,655.95625,26
120596,11/19/21,642.9834783,656.0434783,24
120596,11/20/21,639.659,653.812,10
120596,11/21/21,649.84,661,10
120596,11/22/21,645.5775,655.1428571,31
120596,11/23/21,645.63,662.7864865,40
120596,11/24/21,643.6252174,660.5108696,23
120596,11/25/21,647.218,656.6732,25
120596,11/26/21,645.7591667,658.2458333,14
120596,11/27/21,645.2646667,661.1766667,15
120596,11/28/21,640.404,661,10
120596,11/29/21,646.2947059,657.2352941,17
120596,11/30/21,642.2926316,658.6315789,24
120596,12/1/21,646.532,659.9846667,16
120596,12/2/21,644.5126667,658.4333333,15
120596,12/3/21,647.1874074,657.41,29
120596,12/4/21,643.1172727,661,11
120596,12/5/21,647.8255556,657.6222222,9
120596,12/6/21,645.7418519,658.2574074,28
120596,12/7/21,647.9834615,657.8846154,27
120596,12/8/21,648.4495652,660.5217391,23
120596,12/9/21,642.0855,659.45,20
120596,12/10/21,644.3876471,661,19
120596,12/11/21,647.5972727,648.1536364,11
120596,12/12/21,642.3176923,655.4576923,13
120596,12/13/21,643.7766667,660.9166667,18
120596,12/14/21,641.5181818,660.9545455,25
120596,12/15/21,639.4141379,657.8706897,30
120596,12/16/21,647.3866667,648.4444444,19
120596,12/17/21,647,652.9970588,18
120596,12/18/21,639.58,648.0636364,11
120596,12/19/21,647.605,655.0916667,6
120596,12/20/21,642.8442857,659.1852381,23
120596,12/21/21,643.4125,654.181875,19
120596,12/22/21,639.0252941,664.1982353,21
120596,12/23/21,645.2785714,661,14
120596,12/24/21,639.3307143,658.2142857,15
120596,12/25/21,639.9916667,661,6
120596,12/26/21,644.4055556,661,9
120596,12/27/21,641.4656522,658.3913043,23
120596,12/28/21,645.799,657.2475,20
120596,12/29/21,646.2213636,657,22
120596,12/30/21,647.976087,673.5591304,21
120596,12/31/21,646.1371429,661,7
120596,1/1/22,627.08,661,1
120596,1/2/22,639.9588889,661,12
120596,1/3/22,645.056875,658.5678125,33
120596,1/4/22,643.5690625,652.4565625,33
120596,1/5/22,647.73375,657.3333333,26
120596,1/6/22,641.3241176,657.8958824,21
120596,1/7/22,645.125,655.4916667,12
120596,1/8/22,637.865,658.99,16
120596,1/9/22,644.8144444,660.7355556,13
120596,1/10/22,641.9809091,661,22
120596,1/11/22,640.9384615,661,13
120596,1/12/22,645.1252632,662.3473684,19
120596,1/13/22,643.645625,661,17
120596,1/14/22,642.1813333,658.9333333,16
120596,1/15/22,640.7023077,654.9638462,16
120596,1/16/22,640.4366667,661,7
120596,1/17/22,642.6468421,652.5357895,20
120596,1/18/22,642.9344444,659.8983333,18
120596,1/19/22,643.175,654.7785714,16
120596,1/20/22,644.6121429,661,14
120596,1/21/22,642.8046667,655.7413333,20
120596,1/22/22,641.156,669.46,11
120596,1/23/22,641.2722222,661,10
120596,1/24/22,640.215,654.2188889,18
120596,1/25/22,646.959375,661,18
120596,1/26/22,642.4265,657.25,20
120596,1/27/22,641.2245,657.4085,20
120596,1/28/22,643.2752381,663.502381,24
120596,1/29/22,642.338,651.7446667,15
120596,1/30/22,644.0477778,661,9
120596,1/31/22,641.7782353,658.8194118,17
120596,2/1/22,642.1486207,658.6413793,29
120596,2/2/22,641.9066667,655.6593333,16
120596,2/3/22,640.7718182,659.4977273,22
120596,2/4/22,642.0446154,659.0807692,14
120596,2/5/22,641.1966667,656.938,17
120596,2/6/22,645.0933333,661.2944444,9
120596,2/7/22,640.8317857,651.3803571,29
120596,2/8/22,639.69,659.675,21
120596,2/9/22,643.53,661.3925926,27
120596,2/10/22,645.304,660.45,22
120596,2/11/22,641.2788889,655.2161111,18
120596,2/12/22,639.92,661,20
120596,2/13/22,611.814,661,5
120596,2/14/22,645.4815385,661,28
120596,2/15/22,642.1517391,660.1573913,26
120596,2/16/22,639.5664,651.716,29
120596,2/17/22,636.906087,661,23
120596,2/18/22,642.8980952,661.1261905,21
120596,2/19/22,635.9142857,661,7
120596,2/20/22,641.4785714,661,7
120596,2/21/22,640.3116667,659.1627778,18
120596,2/22/22,638.7492308,658.9211538,26
120596,2/23/22,641.1464706,658.7976471,18
120596,2/24/22,632.22375,654.75,18
120596,2/25/22,632.23,654.1066667,24
120596,2/26/22,638.5127273,660.9090909,12
120596,2/27/22,634.9333333,661,6
120596,2/28/22,638.105,654.5,6
120596,3/1/22,637.5483333,661,6
120596,3/2/22,640.8872727,659.0772727,14
120596,3/3/22,637.9018182,658.2959091,22
120596,3/4/22,645.965,661,14
120596,3/5/22,639.7436364,661,11
120596,3/6/22,638.1357143,652,7
120596,3/7/22,641.4881481,661,28
120596,3/8/22,638.8547368,661,19
120596,3/9/22,642.5277273,656.3227273,22
120596,3/10/22,634.6538462,661,13
120596,3/11/22,641.2821429,661,14
120596,3/12/22,635.4416667,657.7641667,12
120596,3/13/22,643.47,661,6
120596,3/14/22,641.9885714,661,23
120596,3/15/22,640.8616,654.8048,28
120596,3/16/22,641.0220833,659.3820833,30
120596,3/17/22,639.2703846,659.6107692,27
120596,3/18/22,638.0094737,657.5868421,21
120596,3/19/22,639.778125,659.375,16
120596,3/20/22,637.7714286,658.2142857,12
120596,3/21/22,641.5777778,659.6666667,30
120596,3/22/22,640.6195455,664.8909091,24
120596,3/23/22,639.2753846,663.8565385,26
120596,3/24/22,641.1130435,664.7217391,22
120596,3/25/22,639.4033333,654.6177778,19
120596,3/26/22,639.7823077,645.6569231,13
120596,3/27/22,643.3571429,661,7
120596,3/28/22,638.8157143,661,16
120596,3/29/22,638.2117857,655.69,27
120596,3/30/22,640.535,659.5555556,22
120596,3/31/22,639.2552,660.08,27
120596,4/1/22,642.1973684,660.9473684,19
120596,4/2/22,636.4627273,658.1818182,14
120596,4/3/22,641.7218182,661,11
120596,4/4/22,640.845,717.3239286,28
120596,4/5/22,642.4409091,735.5863636,24
120596,4/6/22,641.2068421,730.8163158,19
120596,4/7/22,641.5868421,729.1578947,17
120596,4/8/22,641.365,731.4729167,23
120596,4/9/22,643.52,728.48,16
120596,4/10/22,643.66625,733,6
120596,4/11/22,641.6577778,727.6055556,27
120596,4/12/22,642.9453846,727.3838462,14
120596,4/13/22,641.2682353,731.2752941,17
120596,4/14/22,644.1341176,733,18
120596,4/15/22,640.4116667,733,6
120596,4/16/22,643.2776923,733,13
120596,4/17/22,647.415,733,6
120596,4/18/22,642.2207692,736.8738462,29
120596,4/19/22,641.5117857,729.0732143,28
120596,4/20/22,647.783,729.335,8
120596,4/21/22,642.23875,728.41875,8
120596,4/22/22,647.0308333,733,25
120596,4/23/22,644.7325,733,8
120596,4/24/22,641.947,725.026,10
120596,4/25/22,646.5045833,731.9791667,24
120596,4/26/22,645.1204762,730.9480952,22
120596,4/27/22,647.9738889,718.7055556,19
120596,4/28/22,653.5521053,728.3121053,19
120596,4/29/22,649.454,723.535,20
120596,4/30/22,643.4611111,725.2611111,9
120596,5/1/22,651.2693333,727.1333333,15
120596,5/2/22,647.9781481,728.6555556,27
120596,5/3/22,653.2696154,724.0980769,27
120596,5/4/22,659.71,725.271875,18
120596,5/5/22,663.0142857,718.525,15
120596,5/6/22,655.7752174,727.9434783,26
120596,5/7/22,648.6027273,726.0818182,12
120596,5/8/22,666.89,751.689,10
120596,5/9/22,652.466,723.8512,26
120596,5/10/22,651.0493548,733,34
120596,5/11/22,656.603913,727.32,21
120596,5/12/22,650.5068182,729.3340909,23
120596,5/13/22,664.4164,727.3968,26
120596,5/14/22,654.9026667,730.5566667,16
120596,5/15/22,648.9018182,722.3863636,11
120596,5/16/22,657.3688462,726.5869231,27
120596,5/17/22,651.3692593,726.7907407,28
120596,5/18/22,664.235625,722.994375,18
120596,5/19/22,655.4409524,730.4761905,24
120596,5/20/22,661.9868421,725.6794737,22
120596,5/21/22,670.6084615,733,13
120596,5/22/22,647.371,722.335,11
120596,5/23/22,664.2359091,727.4518182,22
120596,5/24/22,654.9315,733,21
120596,5/25/22,663.7636842,727.2131579,20
120596,5/26/22,656.105,731.1675,21
120596,5/27/22,649.883125,723.2925,22
120596,5/28/22,653.9833333,733,12
120596,5/29/22,655.5733333,733,10
120596,5/30/22,668.4181481,729.8111111,27
120596,5/31/22,662.7755556,730.9638889,19
120596,6/1/22,649.0819231,728.9615385,27
120596,6/2/22,650.7723529,722.5323529,19
120596,6/3/22,646.9785714,732.7857143,14
120596,6/4/22,647.04375,721.865,8
120596,6/5/22,660.2333333,733,9
120596,6/6/22,658.7425,723.17,16
120596,6/7/22,663.3396296,729.8085185,27
120596,6/8/22,651.115,723.6795455,23
120596,6/9/22,649.0135,727.498,20
120596,6/10/22,647.4242857,733,7
120596,6/11/22,652.855,729.166,10
120596,6/12/22,646.76125,733,8
120596,6/13/22,647.0871875,729.646875,33
120596,6/14/22,653.7491667,729.0279167,27
120596,6/15/22,657.5392593,717.7092593,29
120596,6/16/22,665.7144444,733,9
120596,6/17/22,646.1778947,733,19
120596,6/18/22,648.644,733,15
120596,6/19/22,647.7414286,723.05,7
120596,6/20/22,651.5680952,730.0633333,24
120596,6/21/22,648.4433333,725.1311111,19
120596,6/22/22,649.47,727.4005,23
120596,6/23/22,649.2927273,733,12
120596,6/24/22,647.84,718.4,15
120596,6/25/22,649.22375,736.18125,16
120596,6/26/22,646.8744444,733,10
120596,6/27/22,648.8511765,733,17
120596,6/28/22,651.7808696,727.3913043,23
120596,6/29/22,648.4773333,733,16
120596,6/30/22,653.4838889,746.8216667,19
120596,7/1/22,649.214375,723.65375,16
120596,7/2/22,657.4709091,729,13
120596,7/3/22,646.9457143,733,7
120596,7/4/22,652.1716667,729.3973333,32
120596,7/5/22,652.929,727.6005,21
120596,7/6/22,650.4363636,731.0409091,22
120596,7/7/22,650.8794444,717.5233333,18
120596,7/8/22,647.896875,730.25125,16
120596,7/9/22,649.116,725.7973333,15
120596,7/10/22,656.5428571,720.2714286,8
120596,7/11/22,651.0368966,729.4613793,29
120596,7/12/22,648.5466667,727.3379167,24
120596,7/13/22,654.7937143,729.3974286,35
120596,7/14/22,653.6219048,728.1438095,22
120596,7/15/22,649.0513333,732.7333333,15
120596,7/16/22,649.9525,748.8166667,14
120596,7/17/22,650.9657143,728.3171429,8
120596,7/18/22,654.7737037,731.4074074,29
120596,7/19/22,652.51375,733,22
120596,7/20/22,649.34,729.9221429,19
120596,7/21/22,646.6608696,733,26
120596,7/22/22,651.3385714,730.9480952,21
120596,7/23/22,645.595,717.3,10
120596,7/24/22,652.5045455,726.6363636,12
120596,7/25/22,646.2625,724.015,24
120596,7/26/22,646.615,726.455,24
120596,7/27/22,646.946875,728.18875,17
120596,7/28/22,646.913,731.9005,20
120596,7/29/22,650.1144444,720.8922222,22
120596,7/30/22,648.0190909,729.0827273,11
120596,7/31/22,646.4206667,719.3133333,13
120596,8/1/22,644.4903571,727.5025,32
120596,8/2/22,651.6617647,733,18
120596,8/3/22,647.0485714,731.2542857,37
120596,8/4/22,647.121875,728.618125,17
120596,8/5/22,648.8656,734.1568,26
120596,8/6/22,657.3816667,727.5,6
120596,8/7/22,643.9438462,747.3761538,14
120596,8/8/22,647.62,729.3725,24
120596,8/9/22,646.3285714,726.9257143,29
120596,8/10/22,648.5047619,727.3333333,21
120596,8/11/22,647.6046429,745.0957143,26
120596,8/12/22,647.1351852,732.7037037,29
120596,8/13/22,644.9625,729.91375,8
120596,8/14/22,644.1814286,733,7
120596,8/15/22,645.43,728.1133333,25
120596,8/16/22,645.2733333,730.9057143,22
120596,8/17/22,645.826875,733,16
120596,8/18/22,646.4115,730.1495,21
120596,8/19/22,650.6466667,728.9277778,18
120596,8/20/22,646.758,729.1333333,14
120596,8/21/22,646.3463636,732.3336364,11
120596,8/22/22,618.4534783,733,25
120596,8/23/22,650.7555556,733,31
120596,8/24/22,646.8258824,733,17
120596,8/25/22,646.5057143,731.9528571,22
120596,8/26/22,647.7509091,732.0004545,22
120596,8/27/22,648.0527778,733,17
120596,8/28/22,648.982,733,5
120596,8/29/22,647.0193333,725.4153333,15
120596,8/30/22,645.8742857,733.1385714,21
120596,8/31/22,620.694,732.52,25
120596,9/1/22,646.1715385,733,26
120596,9/2/22,647.3927273,724.8945455,11
120596,9/3/22,648.2161538,726.3715385,11
120596,9/4/22,647.5530769,729.6846154,13
120596,9/5/22,645.996,732.48,26
120596,9/6/22,649.494,730.35,18
120596,9/7/22,646.625,733,7
120596,9/8/22,646.7889286,732.675,31
120596,9/9/22,646.6510526,728.3684211,20
120596,9/10/22,651.2231579,732.3157895,21
120596,9/11/22,647.6218182,733,12
120596,9/12/22,646.5768966,730.8275862,29
120596,9/13/22,645.6925,733,24
120596,9/14/22,647.1041667,724.89,31
120596,9/15/22,646.5893333,732.4,31
120596,9/16/22,651.0115,733,20
120596,9/17/22,644.59,733,21
120596,9/18/22,646.2269231,733,13
120596,9/19/22,646.2325806,724.1616129,30
120596,9/20/22,647.3244,726.2116,28
120596,9/21/22,646.8332143,732.5357143,30
120596,9/22/22,643.88,733,21
120596,9/23/22,643.5990476,725.8428571,25
120596,9/24/22,645.6555556,719,9
120596,9/25/22,643.581,729.7,10
120596,9/26/22,641.9503571,731.4285714,34
120596,9/27/22,640.3738095,729.2190476,23
120596,9/28/22,638.2685,733,20
120596,9/29/22,641.1185,726.3965,24
120596,9/30/22,644.274375,725.9375,19
120596,10/1/22,641.4864286,733,14
120596,10/2/22,645.3971429,733,8
120596,10/3/22,631.6517241,732.8965517,31
120596,10/4/22,638,730.952381,21
120596,10/5/22,633.23,722.4891667,12
120596,10/6/22,636.6359091,733,22
120596,10/7/22,639.8113333,742.586,15
120596,10/8/22,634.7916667,733,13
120596,10/9/22,625.7663636,733,11
120596,10/10/22,639.9871429,729.0428571,21
120596,10/11/22,635.0905263,728,28
120596,10/12/22,634.4858333,727.11,12
120596,10/13/22,639.936,724.668,14
120596,10/14/22,641.5705556,733,19
120596,10/15/22,640.4947619,730.1904762,21
120596,10/16/22,642.6263636,733,11
120596,10/17/22,639.6658621,733,32
120596,10/18/22,637.3209677,732.5806452,33
120596,10/19/22,635.75875,733,24
120596,10/20/22,639.8745,727.4,21
120596,10/21/22,606.8757895,732.3157895,19
120596,10/22/22,640.6685714,723.6435714,14
120596,10/23/22,635.4345455,719.6363636,11
120596,10/24/22,636.5509091,731.35,24
120596,10/25/22,639.176875,733,17
120596,10/26/22,634.5613636,731.0454545,24
120596,10/27/22,632.3772727,733,11
120596,10/28/22,638.5330769,731.5769231,26
120596,10/29/22,641.4414286,730.6428571,15
120596,10/30/22,632.58,725.4,11
120596,10/31/22,635.6584615,734.9957692,35
120596,11/1/22,633.8921875,729.84375,31
120596,11/2/22,626.7272727,731.8181818,11
120596,11/3/22,637.1216,739.1556,26
120596,11/4/22,635.3764706,733,18
120596,11/5/22,633.5565,731.35,19
120596,11/6/22,636.192,728.1333333,16
120596,11/7/22,628.3329412,728.7055882,35
120596,11/8/22,636.209375,731.4375,19
120596,11/9/22,639.1808,731.6804,25
120596,11/10/22,638.023,731.9005,20
120596,11/11/22,633.8019048,733,23
120596,11/12/22,634.978,733,18
120596,11/13/22,637.425,733,4
120596,11/14/22,635.1385714,733,26
120596,11/15/22,635.4453846,733,13
120596,11/16/22,633.2334483,730.7362069,31
120596,11/17/22,637.045625,730.25,17
120596,11/18/22,632.3905263,731.2631579,22
120596,11/19/22,641.7827273,731.0009091,23
120596,11/20/22,637.978,733,10
120596,11/21/22,629.63875,733,24
120596,11/22/22,633.7125,733,31
120596,11/23/22,636.283913,732.4347826,21
120596,11/24/22,624.7657143,733,7
120596,11/25/22,636.1146154,724.0769231,13
120596,11/26/22,638.0770588,733,17
120596,11/27/22,640.592,729.7,10
120596,11/28/22,627.7947826,733,22
120596,11/29/22,636.2025,733,20
120596,11/30/22,637.047037,734.4507407,27
120596,12/1/22,632.653,733,11
120596,12/2/22,637.866,733,16
120596,12/3/22,633.9375,733,12
120596,12/4/22,640.6144444,733,9
120596,12/5/22,632.5229032,730.3490323,31
120596,12/6/22,634.2292,729.0916,25
120596,12/7/22,638.9320833,731.375,26
120596,12/8/22,632.0222222,733,18
120596,12/9/22,637.4669231,733,13
120596,12/10/22,600.2715789,741.6789474,19
120596,12/11/22,645.3783333,733,6
120596,12/12/22,636.1503704,725.4959259,27
120596,12/13/22,636.9978571,727.12,26
120596,12/14/22,630.0268421,731.0710526,19
120596,12/15/22,635.2777778,733,18
120596,12/16/22,633.4094737,733,20
120596,12/17/22,641.4315385,733,13
120596,12/18/22,640.7875,733,8
120596,12/19/22,639.4929167,733,25
120596,12/20/22,639.605625,733,16
120596,12/21/22,639.1988235,730.4652941,17
120596,12/22/22,634.765625,733,17
120596,12/23/22,640.6381818,733,11
120596,12/24/22,640.862,733,5
120596,12/25/22,633.9233333,733,6
120596,12/26/22,609.6013636,728.5,28
120596,12/27/22,636.5184,733,24
120596,12/28/22,639.5657895,732.3157895,21
120596,12/29/22,638.3313636,724,32
120596,12/30/22,638.445,740.9083333,14
120596,12/31/22,636.684,733,10
120596,1/1/23,639.6475,733,8
120596,1/2/23,640.0523529,726.7558824,17
120596,1/3/23,639.480303,737.1875758,33
120596,1/4/23,632.9352632,733,19
120596,1/5/23,633.7178261,733,21
120596,1/6/23,641.2604,731.16,26
120596,1/7/23,638.3444444,733,9
120596,1/8/23,641.659,733,10
120596,1/9/23,637.98,726.7382759,30
120596,1/10/23,640.8307407,733,28
120596,1/11/23,641.1847368,732.3157895,19
120596,1/12/23,634.4044,732.5964,27
120596,1/13/23,633.394375,733,18
120596,1/14/23,642.2186667,733,16
120596,1/15/23,641.7853846,746.4269231,13
120596,1/16/23,644.2597143,729.9528571,37
120596,1/17/23,638.7497143,735.4222857,38
120596,1/18/23,641.9581818,733,22
120596,1/19/23,629.1773333,732.9966667,18
120596,1/20/23,640.7361111,731.1666667,19
120596,1/21/23,630.6227273,733,11
120596,1/22/23,641.785625,732.1875,16
120596,1/23/23,636.9319231,733,26
120596,1/24/23,627.6105,733,20
120596,1/25/23,633.6162963,733,28
120596,1/26/23,641.4417647,733,18
120596,1/27/23,640.416,748.024,20
120596,1/28/23,639.18,733,7
120596,1/29/23,639.0266667,733,6
120596,1/30/23,639.8682143,739.2103571,32
120596,1/31/23,633.6621429,730.1785714,29
120596,2/1/23,619.2128571,731.4285714,21
120596,2/2/23,643.2458333,733,13
120596,2/3/23,628.437,733,22
120596,2/4/23,638.3853846,732.8484615,15
120596,2/5/23,637.124,733,5
120596,2/6/23,639.8455,733,20
120596,2/7/23,639.8471875,733,33
120596,2/8/23,636.4613793,732.2417241,30
120596,2/9/23,627.3188889,723.7222222,21
120596,2/10/23,638.84375,744.680625,21
120596,2/11/23,641.025,733,10
120596,2/12/23,640.0921429,733,19
120596,2/13/23,639.6373333,731.9,31
120596,2/14/23,602.8929167,733,26
120596,2/15/23,616.9075,727.2039286,28
120596,2/16/23,616.678,733,20
120596,2/17/23,642.4054545,733.0404545,24
120596,2/18/23,632.564,733,15
120596,2/19/23,641.7875,733,4
120596,2/20/23,630.4184615,733,13
120596,2/21/23,642.318,733,6
120596,2/22/23,635.3913636,733.1322727,25
120596,2/23/23,629.3676471,733,18
120596,2/24/23,640.7716667,732.4027778,20
120596,2/25/23,640.2094737,737.9947368,19
120596,2/28/23,640.651,732.2333333,31
120596,3/5/23,637.7923077,733,14
120596,3/6/23,633.9991176,727.185,35
120596,3/8/23,640.0011111,735.7127778,40
120596,3/9/23,631.9644444,727.5711111,37
120596,3/13/23,637.9948571,732.9957143,39
120596,3/14/23,628.0973469,738.8695918,56
120596,3/15/23,627.4981481,733,29
120596,3/16/23,643.0861111,733,18
120596,3/17/23,641.4226087,728.7517391,33
120596,3/18/23,643.2466667,733,15
120596,3/19/23,619.1411765,733,19
120596,3/20/23,642.0997143,733,35
120596,3/21/23,642.505,733,28
120596,3/22/23,635.8335,733,20
120596,3/23/23,639.9788889,733,27
120596,3/24/23,641.8883333,740.9083333,13
120596,3/25/23,639.8015385,733,11
120596,3/26/23,643.61125,733,8
120596,3/27/23,642.3686957,733,24
120596,3/28/23,642.43375,733,16
120596,3/29/23,641.1135714,730.2857143,15
120596,3/30/23,641.19,733,15
120596,3/31/23,643.3073913,733,23
120596,4/1/23,631.535,730.5,6
120596,4/2/23,643.3633333,733,9
120596,4/3/23,641.9257143,774,28
120596,4/4/23,641.9072727,774,24
120596,4/5/23,641.84625,798.675,14
120596,4/6/23,642.9983333,774,18
120596,4/7/23,640.968,774,5
120596,4/8/23,640.8466667,774,9
120596,4/9/23,641.9,774,8
120596,4/10/23,636.4132,772.1884,36
120596,4/11/23,632.1635484,774,33
120596,4/12/23,626.7692308,772.4230769,28
120596,4/13/23,638.883913,774,26
120596,4/14/23,624.1233333,774,28
120596,4/15/23,637.3926316,774,20
120596,4/16/23,644.7486667,774,15
120596,4/17/23,632.88,775.2833333,42
120596,4/18/23,642.7393333,774,34
120596,4/19/23,642.4670455,772.5227273,48
120596,4/20/23,644,774,28
120596,4/21/23,643.4223529,772.5882353,18
120596,4/22/23,639.5,774,21
120596,4/23/23,644.9076923,774,13
120596,4/24/23,642.2302174,777.9302174,53
120596,4/25/23,645.076,774,41
120596,4/26/23,643.3464706,774,37
120596,4/27/23,639.4716,773.04,28
120596,4/28/23,651.8876471,786.3994118,17
120596,4/29/23,650.725625,786.3375,19
120596,4/30/23,644.9614286,774,8
120596,5/1/23,643.55,774,14
120596,5/2/23,645.49,783.87,21
120596,5/3/23,644.8371429,774,21
120596,5/4/23,624.0004545,773.9931818,23
120596,5/5/23,642.4457895,774,22
120596,5/6/23,646.1693333,774,15
120596,5/7/23,644.7694444,774,18
120596,5/8/23,628.8751351,770.91,42
120596,5/9/23,645.2489286,774,30
120596,5/10/23,645.6384375,772.40625,32
120596,5/11/23,625.5021053,774,21
120596,5/12/23,639.7472973,772.4864865,38
120596,5/13/23,644.9008333,774,13
120596,5/14/23,649.181,774,10
120596,5/15/23,632.9623077,774,44
120596,5/16/23,644.3131818,791.9454545,21
120596,5/17/23,635.3789286,774,26
120596,5/18/23,645.4764706,779.9523529,18
120596,5/19/23,644.94,774,15
120596,5/20/23,648.8,774,3
120596,5/21/23,676.095,774,4
120596,5/22/23,655.9778571,774,14
120596,5/23/23,652.2866667,774,14
120596,5/24/23,646.0630769,772.1538462,13
120596,5/25/23,640.935,774,8
120596,5/26/23,643.65125,774,8
120596,5/27/23,620.5933333,774,9
120596,5/28/23,655.5166667,774,3
120596,5/29/23,626.5275,771.5833333,12
120596,5/30/23,648.2108333,771.5833333,12
120596,5/31/23,641.1633333,774,9
120596,6/1/23,641.6871429,774,7
120596,6/2/23,640.2483333,774,12
120596,6/3/23,640.688,774,5
120596,6/4/23,624.116,774,5
120596,6/5/23,625.2833333,774,6
120596,6/6/23,623.9775,774,9
120596,6/7/23,640.4,774,7
120596,6/8/23,656.615,774,2
120596,6/9/23,646.305,774,6
120596,6/11/23,620.348,774,6
120596,6/12/23,641.9757143,774,5
120596,6/13/23,643.6455556,774,9
120596,6/14/23,617.874,774,6
120596,6/17/23,644.02,774,3
120596,6/18/23,630.28,774,1
120596,6/19/23,641.2775,774,4
120596,6/20/23,640.385,774,4
120596,6/21/23,641.058,774,5
120596,6/22/23,625.8371429,774,8
120596,6/23/23,671.42125,772.24875,9
120596,6/24/23,643.92,774,1
120596,6/25/23,616.5925,823.35,4
120596,6/26/23,643.8333333,774,3
120596,6/27/23,652.595,774,3
120596,6/29/23,536.13,774,1
120596,6/30/23,643.76,774,1
120596,7/1/23,504.8,774,1
120596,7/2/23,644.02,875.19,1
120596,7/3/23,590.4,774,2
120596,7/4/23,660.315,774,2
120596,7/6/23,582.2425,774,4
120596,7/11/23,644.02,774,1
120596,7/12/23,642.27,774,1
120596,7/13/23,645.13,774,1
120596,8/5/23,664.1442857,774,8
120596,8/6/23,636.8575,774,4
120596,8/7/23,663.1235,774,21
120596,8/8/23,671.7535,774,23
120596,8/9/23,676.6815385,774,13
120596,8/10/23,673.0173333,777.342,36
120596,8/11/23,674.1552632,774,21
120596,8/12/23,665.5688889,774,9
120596,8/13/23,675.12875,774,8
120596,8/14/23,671.9446875,773.99875,34
120596,8/15/23,672.0088235,779.1947059,17
120596,8/16/23,669.8022222,777.7477778,25
120596,8/17/23,670.5485714,774,32
120596,8/18/23,672.3114286,774,21
120596,8/19/23,679.07,774,8
120596,8/20/23,682.86,774,3
120596,8/21/23,665.3652632,774,20
120596,8/22/23,682.853125,774,17
120596,8/23/23,682.2645833,773,27
120596,8/24/23,647.5764706,779.8976471,18
120596,8/25/23,675.4476923,780.81,14
120596,8/26/23,660.799,774,10
120596,8/27/23,677.9655556,774,10
120596,8/28/23,667.67625,773.99375,25
120596,8/29/23,676.0061538,774,14
120596,8/30/23,681.3026667,774.0026667,17
120596,8/31/23,666.8764286,774,15
120596,9/1/23,679.1186667,774,15
120596,9/2/23,676.4288889,774,10
120596,9/3/23,683.755,774,6
120596,9/4/23,675.6373333,774,15
120596,9/6/23,668.075,774,12
120596,9/8/23,670.582381,774,22
120596,9/11/23,680.087,774,10
120596,9/13/23,679.717619,783.4,22
120596,9/14/23,683.2988889,774,12
120596,9/15/23,682.86,774,7
120596,9/25/23,681.2847368,774,18
120596,9/26/23,671.1453333,774,15
120596,9/27/23,671.8385714,774,9
120596,9/30/23,681.5615385,774,13
120596,10/1/23,680.995,774,7
120596,10/2/23,680.3896667,774,32
120596,10/4/23,678.1673684,784.3894737,21
120596,10/6/23,668.01,774,2
120597,10/1/20,716.465,805.82,6
120597,10/2/20,697.474,804.294,5
120597,10/3/20,697.4725,805.29,4
120597,10/4/20,697.47,813,4
120597,10/5/20,697.547,804.908,12
120597,10/6/20,697.48,780.25,4
120597,10/7/20,715.3975,789.865,6
120597,10/8/20,697.4733333,810.705,6
120597,10/9/20,697.47,802.225,2
120597,10/10/20,719.5166667,768.3333333,3
120597,10/12/20,697.475,813,2
120597,10/13/20,712.34,802,3
120597,10/14/20,697.47,813,1
120597,10/15/20,645.0933333,789.3333333,3
120597,10/16/20,710.25,775.4866667,3
120597,10/18/20,719.77,802.23,2
120597,10/20/20,742.0725,807.5,4
120597,10/22/20,725.6233333,813,3
120597,10/23/20,718.3683333,798.91,4
120597,10/26/20,708.035,812.86,2
120597,10/28/20,742.07,782.005,4
120597,10/29/20,694.425,813,3
120597,10/30/20,700.13,789.19,16
120597,10/31/20,695.384,808.692,6
120597,11/1/20,693.9866667,789.985,6
120597,11/2/20,697.472,792.354,10
120597,11/3/20,715.0128571,790.78,8
120597,11/4/20,698.9675,792.7941667,12
120597,11/5/20,697.4728571,796.7028571,7
120597,11/6/20,706.30125,779.58625,9
120597,11/7/20,713.4875,786.81625,8
120597,11/9/20,704.89,800.9014286,14
120597,11/10/20,716.0121429,805.6857143,14
120597,11/11/20,699.2515789,803.1421053,17
120597,11/12/20,696.4627273,796.8527273,11
120597,11/13/20,697.4716667,778.56,6
120597,11/14/20,725.32,808.692,5
120597,11/15/20,687.01,683.23,1
120597,11/16/20,713.69,791.828,5
120597,11/17/20,725.318,792.862,5
120597,11/18/20,716.184,800.5266667,17
120597,11/19/20,727.8818182,793.6963636,12
120597,11/20/20,759.3936364,809.0854545,12
120597,11/21/20,731.5766667,797.575,6
120597,11/22/20,738.015,813,2
120597,11/23/20,751.245,798.7225,8
120597,11/24/20,744.47,826.3925,9
120597,11/25/20,772.2182353,782.4541176,17
120597,11/26/20,777.852,796.621,10
120597,11/27/20,754.1521429,799.0121429,13
120597,11/28/20,772.67,784.596,5
120597,11/29/20,799.682,795.69,6
120597,11/30/20,758.9828571,783.1985714,16
120597,12/1/20,777.92,792.4725,8
120597,12/2/20,770.6885714,801.4071429,14
120597,12/3/20,760.8890909,793.5,12
120597,12/4/20,757.1475,764.595,10
120597,12/5/20,727.4633333,790.3333333,5
120597,12/6/20,786.67,813,1
120597,12/7/20,734.8366667,801.6177778,9
120597,12/8/20,750.883,810.846,9
120597,12/9/20,745.33625,792.7125,8
120597,12/10/20,726.3736364,801.1109091,11
120597,12/11/20,741.9718182,799.9336364,11
120597,12/12/20,752.67,766.3333333,3
120597,12/13/20,757.5375,799.365,4
120597,12/14/20,745.1584615,794.8892308,13
120597,12/15/20,744.254,782.3186667,15
120597,12/16/20,762.5355556,813.71,11
120597,12/17/20,726.3771429,800.2085714,7
120597,12/18/20,750.1485714,803,7
120597,12/19/20,705.9,781.858,11
120597,12/20/20,734.75,780.6125,4
120597,12/21/20,728.2222222,802.3344444,7
120597,12/22/20,728.4,799.56,7
120597,12/23/20,664.5533333,772.27,3
120597,12/24/20,731.86,783.393,12
120597,12/25/20,668.9866667,797,3
120597,12/26/20,699.2725,811,4
120597,12/27/20,704.65,752,1
120597,12/28/20,752.0644444,804.9155556,9
120597,12/29/20,769.6975,780.5,4
120597,12/30/20,763.582,848.264,5
120597,12/31/20,751.035,766.75,2
120597,1/1/21,769.17,813,1
120597,1/2/21,701.775,790.3,4
120597,1/3/21,743.88,795.9266667,3
120597,1/4/21,791.7,807.615,4
120597,1/5/21,634.9025,802.23,5
120597,1/6/21,654.8528571,782.7114286,8
120597,1/7/21,769.9625,795.5,4
120597,1/8/21,719.8866667,782.73,3
120597,1/9/21,727.2633333,794.82,3
120597,1/10/21,733.32,777,2
120597,1/11/21,788.0233333,813,3
120597,1/13/21,750.724,792.873,11
120597,1/14/21,760.7766667,792.6966667,24
120597,1/15/21,778.864,790.16,6
120597,1/16/21,709.6227273,800.8172727,12
120597,1/17/21,731.9714286,796.8457143,8
120597,1/18/21,718.954375,794.111875,17
120597,1/19/21,736.158125,792.71625,17
120597,1/20/21,727.554375,791.438125,17
120597,1/21/21,735.4075,793.37625,6
120597,1/22/21,707.0455556,819.01,10
120597,1/23/21,699.1225,826.16375,10
120597,1/24/21,730.475,813,2
120597,1/25/21,726.7514286,785.1428571,15
120597,1/26/21,725.9761538,792.1476923,14
120597,1/27/21,736.51,790.77,12
120597,1/28/21,742.650625,797.135,16
120597,1/29/21,732.2733333,793.8626667,13
120597,1/30/21,726.6672727,801.8918182,8
120597,1/31/21,742.0125,794.81,4
120597,2/1/21,726.7488889,783.325,20
120597,2/2/21,740.79,791.215,14
120597,2/3/21,732.066,781.326,10
120597,2/4/21,740.9792857,791.0221429,14
120597,2/5/21,734.2761111,785.6238889,18
120597,2/6/21,736.7525,800.195,4
120597,2/7/21,745.2133333,747,3
120597,2/8/21,752.5583333,777.2983333,6
120597,2/9/21,739.118,792.01,16
120597,2/10/21,736.5383333,789.3058333,13
120597,2/11/21,745.9157143,793.8557143,7
120597,2/12/21,723.3781818,801.8881818,12
120597,2/13/21,735.8455556,769.9777778,9
120597,2/14/21,711.49,782,2
120597,2/15/21,741.3572727,796.9045455,11
120597,2/16/21,746.31,777.4975,4
120597,2/17/21,741.8155556,783.05,9
120597,2/18/21,742.37,802.0769231,13
120597,2/19/21,741.8128571,778.1135714,15
120597,2/20/21,746.8625,795.2475,4
120597,2/21/21,741.5342857,789.6328571,9
120597,2/22/21,744.1658824,790.23,18
120597,2/23/21,727.58,788.585625,18
120597,2/24/21,728.6185714,796.6035714,12
120597,2/25/21,741.055,801.9877778,16
120597,2/26/21,744.475,792.555,6
120597,2/27/21,751.74,817.8057143,7
120597,2/28/21,749.8216667,792.6116667,6
120597,3/1/21,719.4181818,800.0890909,11
120597,3/2/21,738.4744444,796.5438889,18
120597,3/3/21,742.544375,811.0925,18
120597,3/4/21,748.7273684,799.6615789,26
120597,3/5/21,752.55,798.8571429,7
120597,3/6/21,714.67,798.798,5
120597,3/7/21,726.62625,797.72125,8
120597,3/8/21,725.9438889,787.1133333,18
120597,3/9/21,746.6105556,798.2472222,19
120597,3/10/21,719.788125,782.13875,17
120597,3/11/21,741.0811765,800.1270588,19
120597,3/12/21,755.1525,782.25,4
120597,3/13/21,749.705625,801.5575,16
120597,3/14/21,749.95625,798.4225,8
120597,3/15/21,751.25,793.3866667,20
120597,3/16/21,739.8263158,792.4573684,17
120597,3/17/21,743.713,800.646,12
120597,3/18/21,749.3978571,794.285,14
120597,3/19/21,740.7823529,792.2264706,26
120597,3/20/21,744.03,800.8333333,6
120597,3/21/21,761.195,776.865,4
120597,3/22/21,752.7042105,791.9178947,20
120597,3/23/21,751.9089474,792.8663158,19
120597,3/24/21,752.4770588,799.5835294,17
120597,3/25/21,759.7773684,795.9063158,19
120597,3/26/21,752.54625,813,9
120597,3/27/21,757.3283333,792.3333333,6
120597,3/28/21,752.39,759.384,5
120597,3/29/21,755.628,805.9186667,15
120597,3/30/21,751.4435,796.292,22
120597,3/31/21,756.8992857,782.03,14
120597,4/1/21,750.14,806.9968421,17
120597,4/2/21,756.153,795.4,11
120597,4/3/21,761.1075,787.0025,4
120597,4/4/21,759.6075,807.75,4
120597,4/5/21,757.7007407,803.7788889,27
120597,4/6/21,754.2355556,821.8411111,9
120597,4/7/21,755.11,844.7355556,19
120597,4/8/21,756.73,859.7906667,15
120597,4/9/21,761.205,865.68,10
120597,4/10/21,767.08,868,6
120597,4/11/21,773.52,814,2
120597,4/12/21,761.7446154,848.5907692,15
120597,4/13/21,751.3161111,846.3333333,18
120597,4/14/21,767.76625,843.273125,16
120597,4/15/21,758.5229412,865.3429412,17
120597,4/16/21,774.0786667,846.024,15
120597,4/17/21,761.8769231,857.3207692,11
120597,4/18/21,762.4128571,843.9085714,6
120597,4/19/21,767.9629412,828.5176471,17
120597,4/20/21,767.56625,829.715,16
120597,4/21/21,772.7733333,852.6244444,9
120597,4/22/21,765.7025,854.1666667,12
120597,4/23/21,777.904375,833.4025,16
120597,4/24/21,774.6888889,859.3333333,9
120597,4/25/21,779.77375,843.46,10
120597,4/26/21,762.2225,861.07375,17
120597,4/27/21,784.763,860.4,10
120597,4/28/21,785.8733333,852.9483333,18
120597,4/29/21,805.1306667,844.522,15
120597,4/30/21,794.865,857.78,12
120597,5/1/21,812.4988889,842.7066667,10
120597,5/2/21,808.904,836.734,10
120597,5/3/21,815.7973333,863.5853333,15
120597,5/4/21,809.0757143,853.0492857,28
120597,5/5/21,810.7813043,852.7721739,23
120597,5/6/21,815.5617647,848.4229412,19
120597,5/7/21,814.2034783,857.7547826,23
120597,5/8/21,817.905625,841.63625,17
120597,5/9/21,810.32,868,4
120597,5/10/21,813.4558333,857.2654167,24
120597,5/11/21,811.9934783,850.0047826,23
120597,5/12/21,821.0426316,857.0978947,21
120597,5/13/21,815.1776923,850.5061538,14
120597,5/14/21,806.618,859.274,20
120597,5/15/21,819.9569231,853.0769231,13
120597,5/16/21,811.455,859.7983333,13
120597,5/17/21,823.64,826.202,21
120597,5/18/21,818.5077778,850.4344444,20
120597,5/19/21,809.0209524,854.232381,21
120597,5/20/21,822.0214286,837.3714286,14
120597,5/21/21,817.5973333,859.7333333,14
120597,5/22/21,809.28125,842.2875,9
120597,5/23/21,812.0233333,842,3
120597,5/24/21,816.2871429,844.7652381,20
120597,5/25/21,818.9072222,831.4838889,19
120597,5/26/21,814.7326667,853.5786667,18
120597,5/27/21,818.5677273,847.3345455,22
120597,5/28/21,820.6455556,848.7322222,16
120597,5/29/21,816.966,829.98,10
120597,5/30/21,819.1016667,852.5,6
120597,5/31/21,824.6432258,850.5735484,30
120597,6/1/21,820.6735135,859.3227027,37
120597,6/2/21,820.4073077,862.3784615,25
120597,6/3/21,818.0375,853.515,12
120597,6/4/21,821.1729167,866.5541667,25
120597,6/5/21,808.8475,834.2575,9
120597,6/6/21,820.9057143,848.215,14
120597,6/7/21,819.7393548,846.8680645,31
120597,6/8/21,817.972,846.632,26
120597,6/9/21,817.3013636,860.2804545,25
120597,6/10/21,818.5795,843.286,21
120597,6/11/21,817.3704762,853.9009524,19
120597,6/12/21,822.9705556,852.0427778,18
120597,6/13/21,824.2981818,840.6363636,11
120597,6/14/21,820.965,860.4216667,30
120597,6/15/21,820.8448276,837.9231034,29
120597,6/16/21,824.16,846.5023529,17
120597,6/17/21,820.126,853.3085,21
120597,6/18/21,816.1186667,844.2,16
120597,6/19/21,825.8993333,863.9006667,14
120597,6/20/21,808.0435294,856.1494118,17
120597,6/21/21,823.1925,844.5658333,24
120597,6/22/21,818.988,858.8793333,31
120597,6/23/21,819.6632143,839.5607143,28
120597,6/24/21,814.2094444,860.5411111,18
120597,6/25/21,823.1422222,844.1111111,9
120597,6/26/21,822.38,862.6923077,13
120597,6/27/21,822.5528571,857.1428571,7
120597,6/28/21,827.91,856.0266667,28
120597,6/29/21,819.818,857.37,22
120597,6/30/21,824.7871429,845.3957143,30
120597,7/1/21,820.4969565,862.7191304,23
120597,7/2/21,831.00875,861.355,26
120597,7/3/21,817.072,835.985,10
120597,7/4/21,824.98,850.303,10
120597,7/5/21,823.0441667,853.0491667,27
120597,7/6/21,825.6011111,855.222963,28
120597,7/7/21,824.1415625,853.4009375,32
120597,7/8/21,828.4812121,853.8060606,37
120597,7/9/21,821.8137037,863.3262963,28
120597,7/10/21,830.5726316,856.2294737,18
120597,7/11/21,827.085625,859.875,17
120597,7/12/21,821.6206897,856.8524138,30
120597,7/13/21,825.4996667,856.8546667,30
120597,7/14/21,822.0930435,853.0004348,27
120597,7/15/21,824.0795455,842.82,22
120597,7/16/21,824.88875,850.2666667,26
120597,7/17/21,822.264,853.56,10
120597,7/18/21,822.43,855.1966667,12
120597,7/19/21,823.8829032,852.9751613,33
120597,7/20/21,826.7947619,842.4952381,23
120597,7/21/21,827.8444737,839.6457895,38
120597,7/22/21,827.7895,843.181,20
120597,7/23/21,829.8227778,841.3741667,35
120597,7/24/21,824.4757143,837.6585714,14
120597,7/25/21,830.915,850.27125,6
120597,7/26/21,833.8235714,844.4257143,30
120597,7/27/21,822.1153333,853.5513333,30
120597,7/28/21,822.3993103,845.1206897,30
120597,7/29/21,827.6020833,860.95875,27
120597,7/30/21,826.4845833,859.1616667,23
120597,7/31/21,819.82,860.9541667,12
120597,8/1/21,822.33375,847.47125,16
120597,8/2/21,823.7146154,844.9194872,41
120597,8/3/21,826.8093939,859.3412121,34
120597,8/4/21,823.3437931,846.5703448,30
120597,8/5/21,823.701875,851.03375,33
120597,8/6/21,824.4180645,848.3793548,33
120597,8/7/21,825.8625,858.1875,18
120597,8/8/21,826.092,861.418,10
120597,8/9/21,825.2322581,861.6774194,34
120597,8/10/21,819.3121053,851.7486842,40
120597,8/11/21,826.4244118,851.6167647,35
120597,8/12/21,824.3258621,865.6331034,29
120597,8/13/21,824.6396,842.4164,23
120597,8/14/21,819.0131579,850.9084211,19
120597,8/15/21,817.678,855.86,10
120597,8/16/21,826.8354839,839.193871,32
120597,8/17/21,823.9912821,845.874359,43
120597,8/18/21,823.079,851.193,33
120597,8/19/21,823.3041935,857.7270968,33
120597,8/20/21,822.0730769,853.5769231,28
120597,8/21/21,823.2435714,840.7192857,12
120597,8/22/21,819.0675,849.0233333,12
120597,8/23/21,824.3544118,846.5729412,34
120597,8/24/21,824.5491489,842.5857447,48
120597,8/25/21,825.7606452,848.7535484,31
120597,8/26/21,822.456087,852.653913,25
120597,8/27/21,815.9702941,846.9332353,39
120597,8/28/21,814.4546154,850.8915385,27
120597,8/29/21,821.9733333,858.0666667,15
120597,8/30/21,823.1467391,851.5265217,48
120597,8/31/21,814.0248,853.8644,49
120597,9/1/21,823.4418605,861.1795349,45
120597,9/2/21,821.8070833,847.4575,30
120597,9/3/21,827.6182353,851.3711765,36
120597,9/4/21,822.8326087,836.4917391,29
120597,9/5/21,829.3426667,853.9333333,15
120597,9/6/21,823.6825926,856.8111111,25
120597,9/7/21,823.3078947,849.6352632,19
120597,9/8/21,829.3388372,853.0067442,47
120597,9/9/21,816.3331915,853.9059574,48
120597,9/10/21,830.02175,850.07325,40
120597,9/11/21,827.2334783,853.4069565,27
120597,9/12/21,827.756,851.9156,25
120597,9/13/21,829.81075,854.19275,41
120597,9/14/21,826.2090909,852.3487273,61
120597,9/15/21,824.9515625,859.7625,32
120597,9/16/21,828.97075,854.62975,45
120597,9/17/21,828.6673529,855.5708824,34
120597,9/18/21,829.4532,853.8744,25
120597,9/19/21,829.6790909,851.0531818,23
120597,9/20/21,825.4861538,854.5615385,38
120597,9/21/21,824.4044444,849.204,47
120597,9/22/21,825.4030233,848.9188372,50
120597,9/23/21,827.6464286,857.6607143,42
120597,9/24/21,832.5057143,850.5053571,30
120597,9/25/21,826.5715,851.018,19
120597,9/26/21,820.259375,836.9575,17
120597,9/27/21,829.395,845.5197222,35
120597,9/28/21,825.7753846,854.0053846,41
120597,9/29/21,825.1551282,831.4110256,43
120597,9/30/21,831.184,832.29,25
120597,10/1/21,824.6575,857.5,28
120597,10/2/21,816.359,850.314,10
120597,10/3/21,822.305,842.1666667,12
120597,10/4/21,831.7815385,842.7830769,13
120597,10/5/21,822.6375,862.5,17
120597,10/6/21,836.4491667,868,8
120597,10/7/21,813.8655556,858.2222222,9
120597,10/8/21,868.315,868,2
120597,10/9/21,833.35,868,1
120597,10/10/21,852.245,824.6,2
120597,10/11/21,852.575,868,2
120597,10/12/21,875.62,850.64,6
120597,10/13/21,811.63,846.3,4
120597,10/14/21,820.46,849.125,2
120597,10/15/21,821.32,868,1
120597,10/16/21,821.32,868,1
120597,10/19/21,882.8,868,1
120597,10/21/21,899.495,868,2
120597,10/23/21,812.08,789.88,1
120597,10/25/21,831.22,868,1
120597,10/26/21,840.08,868,1
120597,10/27/21,840.075,814.335,2
120597,10/28/21,857.8166667,842.6533333,3
120597,10/29/21,853.2170115,840.9236782,101
120597,10/30/21,854.092093,850.785814,44
120597,10/31/21,849.020625,868,17
120597,11/1/21,847.9260784,846.5972549,58
120597,11/2/21,842.69,841.0283333,33
120597,11/3/21,844.8504545,851.6931818,46
120597,11/4/21,850.6265116,836.4362791,47
120597,11/5/21,845.7693478,860.5454348,46
120597,11/6/21,849.4956,846.2532,29
120597,11/7/21,851.372381,845.5619048,22
120597,11/8/21,853.9378261,847.1165217,25
120597,11/9/21,847.9906818,862.6625,45
120597,11/10/21,848.6873077,855.9823077,27
120597,11/11/21,848.2056522,857.9773913,24
120597,11/12/21,847.5684211,869.6847368,19
120597,11/13/21,844.1208333,859.32,12
120597,11/14/21,849.43,868,3
120597,11/15/21,838.835,865,6
120597,11/16/21,841.8366667,868,9
120597,11/17/21,859.6625,868,4
120597,11/18/21,839.12,834.96,9
120597,11/19/21,835.566,867.966,5
120597,11/20/21,863.2933333,827,4
120597,11/21/21,840.08,868,1
120597,11/22/21,849.7175,868,4
120597,11/23/21,857.0633333,895.61,4
120597,11/25/21,889.24,868,3
120597,11/26/21,848.7297872,852.7553191,53
120597,11/27/21,805.1185185,852.7033333,29
120597,11/28/21,848.902,852.41,22
120597,11/29/21,845.945873,849.9149206,70
120597,11/30/21,858.3522414,856.5744828,64
120597,12/1/21,849.3244186,850.904186,44
120597,12/2/21,847.3969091,854.0016364,68
120597,12/3/21,844.3314286,849.8257143,49
120597,12/4/21,841.707,855.1316667,31
120597,12/5/21,843.5725,853.1966667,14
120597,12/6/21,838.7947368,857.9023684,39
120597,12/7/21,842.6991525,846.060678,62
120597,12/8/21,840.2202778,857.9502778,38
120597,12/9/21,837.582093,856.9883721,46
120597,12/10/21,834.4712195,861.6026829,46
120597,12/11/21,836.4351724,854.4775862,31
120597,12/12/21,834.6752174,865.2708696,26
120597,12/13/21,834.7838776,860.0383673,50
120597,12/14/21,835.4715254,854.970678,60
120597,12/15/21,832.618913,852.9763043,49
120597,12/16/21,834.2567347,858.9906122,50
120597,12/17/21,833.5276667,850.7246667,30
120597,12/18/21,834.1412121,850.3306061,40
120597,12/19/21,831.7644444,854.777037,28
120597,12/20/21,833.492381,854.1430952,40
120597,12/21/21,832.84,856.6793478,48
120597,12/22/21,833.0446154,854.0690385,52
120597,12/23/21,830.8172222,848.9613889,38
120597,12/24/21,831.212069,858.3013793,39
120597,12/25/21,831.14,852.825,8
120597,12/26/21,827.06,863.271875,16
120597,12/27/21,829.4618182,859.4389091,58
120597,12/28/21,832.2761538,851.8813462,55
120597,12/29/21,829.0014286,842.6488571,39
120597,12/30/21,832.1643902,866.4026829,46
120597,12/31/21,834.1863636,860.17,23
120597,1/1/22,838.3555556,849.8455556,9
120597,1/2/22,828.213,858.168,10
120597,1/3/22,833.1366667,853.5936667,65
120597,1/4/22,831.8222222,863.8107407,56
120597,1/5/22,834.4055814,851.7606977,47
120597,1/6/22,831.87275,857.35825,51
120597,1/7/22,834.9813725,854.5045098,54
120597,1/8/22,837.1018182,860.3921212,45
120597,1/9/22,827.7481818,856.7436364,9
120597,1/10/22,839.6872,849.7854,56
120597,1/11/22,850.2135294,852.4245098,57
120597,1/12/22,830.3695833,853.3575,53
120597,1/13/22,843.9544186,851.9534884,49
120597,1/14/22,834.6276744,854.867907,43
120597,1/15/22,838.3665517,850.7655172,33
120597,1/16/22,835.6594737,842.3263158,19
120597,1/17/22,840.1527273,855.7501299,80
120597,1/18/22,841.3310606,856.9948485,72
120597,1/19/22,841.922459,859.7442623,67
120597,1/20/22,847.643125,855.1104167,55
120597,1/21/22,835.4135294,862.6570588,37
120597,1/22/22,835.2679167,863.0845833,26
120597,1/23/22,838.7145455,863.8104545,23
120597,1/24/22,838.6677612,858.3713433,68
120597,1/25/22,850.8536364,860.8043182,50
120597,1/26/22,839.2145283,859.3477358,54
120597,1/27/22,833.4441935,857.3709677,32
120597,1/28/22,836.3288679,861.9258491,59
120597,1/29/22,836.3708696,848.9130435,26
120597,1/30/22,842.07625,858.2279167,26
120597,1/31/22,836.9240351,859.0114035,57
120597,2/1/22,835.5857692,856.2728846,57
120597,2/2/22,833.6578378,839.9837838,40
120597,2/3/22,832.8702174,861.0763043,56
120597,2/4/22,835.9297561,859.0131707,46
120597,2/5/22,841.5548485,855.6466667,32
120597,2/6/22,843.1617241,842.1117241,32
120597,2/7/22,835.4848148,855.3444444,56
120597,2/8/22,842.9904444,852.9715556,53
120597,2/9/22,852.217451,861.0339216,55
120597,2/10/22,842.051087,856.1569565,48
120597,2/11/22,847.5393333,851.378,50
120597,2/12/22,840.5064865,856.7735135,35
120597,2/13/22,850.8483333,856.4733333,31
120597,2/14/22,855.1060494,855.8897531,87
120597,2/15/22,837.9616667,856.8819697,79
120597,2/16/22,847.5019048,854.4414286,65
120597,2/17/22,848.0068,858.087,53
120597,2/18/22,846.7271111,856.8997778,45
120597,2/19/22,844.3226316,860.86,19
120597,2/20/22,841.4921053,857.9473684,22
120597,2/21/22,850.9261538,854.6176923,43
120597,2/22/22,833.5992063,858.1550794,66
120597,2/23/22,854.6451163,860.6518605,47
120597,2/24/22,849.8015094,855.2239623,53
120597,2/25/22,839.364359,858.8553846,48
120597,2/26/22,837.6487805,854.8782927,46
120597,2/27/22,858.22,849.76,10
120597,2/28/22,847.6515789,863.8947368,19
120597,3/1/22,838.49,859.6111111,18
120597,3/2/22,859.3309524,857.6042857,44
120597,3/3/22,853.0896154,854.2246154,53
120597,3/4/22,835.47775,851.355,43
120597,3/5/22,847.126,842.97875,48
120597,3/6/22,842.3090625,861.84375,35
120597,3/7/22,860.3298649,858.8037838,76
120597,3/8/22,850.9759091,862.9398485,66
120597,3/9/22,850.2585484,851.0166129,62
120597,3/10/22,861.2246939,857.1122449,55
120597,3/11/22,850.0256522,852.8973913,51
120597,3/12/22,843.4611111,857.4380556,38
120597,3/13/22,841.0886207,856.3172414,30
120597,3/14/22,847.0897333,854.8869333,76
120597,3/15/22,845.2429851,848.9437313,69
120597,3/16/22,846.5657143,848.5368254,68
120597,3/17/22,846.6572881,853.4911864,72
120597,3/18/22,841.4710345,860.317069,60
120597,3/19/22,848.8321053,853.4623684,40
120597,3/20/22,842.7508889,867.3615556,50
120597,3/21/22,845.7753061,859.3367347,50
120597,3/22/22,846.2681818,856.6936364,57
120597,3/23/22,846.8394231,856.1480769,53
120597,3/24/22,844.7404082,852.122449,50
120597,3/25/22,843.4538889,856.1562963,59
120597,3/26/22,831.5455556,856.4533333,34
120597,3/27/22,839.5488462,858.0769231,29
120597,3/28/22,841.6968831,858.3548052,89
120597,3/29/22,840.277931,852.3313793,62
120597,3/30/22,840.2854412,863.3129412,75
120597,3/31/22,844.0542857,852.1796825,68
120597,4/1/22,850.2232692,859.7532692,58
120597,4/2/22,822.1928205,866.6169231,40
120597,4/3/22,847.2824242,853.2242424,32
120597,4/4/22,852.3790323,940.3577419,68
120597,4/5/22,851.0751724,934.9410345,59
120597,4/6/22,855.4348387,952.3725806,67
120597,4/7/22,846.8318605,939.9402326,50
120597,4/8/22,849.7405172,935.8072414,58
120597,4/9/22,854.4673171,955.595122,43
120597,4/10/22,845.7075862,940.0565517,31
120597,4/11/22,849.7690909,952.8094545,56
120597,4/12/22,846.9367692,946.8678462,77
120597,4/13/22,851.394,943.1747273,56
120597,4/14/22,847.9483871,945.5459677,64
120597,4/15/22,841.7646667,951.6666667,16
120597,4/16/22,854.7323077,944.0776923,25
120597,4/17/22,850.8896296,954.2592593,30
120597,4/18/22,849.5004412,948.7770588,69
120597,4/19/22,852.3180303,949.3598485,69
120597,4/20/22,855.1857895,936.9242105,64
120597,4/21/22,837.2034483,945.457931,29
120597,4/22/22,839.5294118,943.1088235,30
120597,4/23/22,850.0167647,951.9147059,37
120597,4/24/22,855.8642857,950.4761905,21
120597,4/25/22,853.159,941.1068333,63
120597,4/26/22,852.9566667,944.6684127,64
120597,4/27/22,855.3330435,943.9817391,49
120597,4/28/22,844.9908333,949.1036667,73
120597,4/29/22,847.2764706,943.997451,55
120597,4/30/22,853.1525641,950.3841026,40
120597,5/1/22,852.5443333,958.583,32
120597,5/2/22,852.2394366,947.256338,73
120597,5/3/22,849.4425,945.0090789,85
120597,5/4/22,851.3393846,942.3064615,63
120597,5/5/22,854.8272222,947.4122222,55
120597,5/6/22,842.3416,941.8686,54
120597,5/7/22,849.06,951.7351852,31
120597,5/8/22,853.1046429,955.0814286,29
120597,5/9/22,844.3763636,945.6551948,81
120597,5/10/22,847.4588889,949.4030864,81
120597,5/11/22,850.7223881,934.1822388,82
120597,5/12/22,845.916,957.9890909,58
120597,5/13/22,842.193125,945.2826563,65
120597,5/14/22,849.9246429,936.4642857,34
120597,5/15/22,845.2745455,941.5924242,45
120597,5/16/22,847.7004545,949.6833333,68
120597,5/17/22,846.7571014,942.8847826,86
120597,5/18/22,847.1024,937.4618,48
120597,5/19/22,848.6612308,940.7093846,66
120597,5/20/22,843.9139583,948.1791667,51
120597,5/21/22,852.0153333,943.8616667,31
120597,5/22/22,844.1519231,944.0596154,27
120597,5/23/22,844.0315385,952.5932692,54
120597,5/24/22,841.3873585,938.4326415,57
120597,5/25/22,840.3280769,957.8634615,54
120597,5/26/22,844.63,950.6101786,66
120597,5/27/22,835.8146939,954.8730612,53
120597,5/28/22,836.7941379,935.7948276,30
120597,5/29/22,836.6733333,945.4961111,19
120597,5/30/22,836.9501639,942.1611475,64
120597,5/31/22,835.5351613,950.3579032,66
120597,6/1/22,836.5457143,946.3820408,51
120597,6/2/22,834.8457627,948.7974576,65
120597,6/3/22,835.3058,955.2046,54
120597,6/4/22,835.7508571,951.2485714,49
120597,6/5/22,834.7775,946.7925,42
120597,6/6/22,835.72,947.4330645,63
120597,6/7/22,834.3743333,947.8218333,63
120597,6/8/22,834.1896364,946.6881818,55
120597,6/9/22,833.2557778,945.4835556,43
120597,6/10/22,830.7590244,957.8295122,46
120597,6/11/22,826.0368421,940.1557895,20
120597,6/12/22,830.2927273,922.0440909,22
120597,6/13/22,828.8636364,948.6043939,68
120597,6/14/22,832.3554545,947.5954545,73
120597,6/15/22,828.9273333,955.1656,76
120597,6/16/22,825.8662963,950.6296296,31
120597,6/17/22,827.1988889,946.6981481,60
120597,6/18/22,829.394,960.0076667,41
120597,6/19/22,831.7654545,957.3769697,34
120597,6/20/22,830.5724359,954.9070513,83
120597,6/21/22,827.5023529,942.63,57
120597,6/22/22,828.8417647,942.1526471,72
120597,6/23/22,829.3261702,949.5955319,53
120597,6/24/22,829.4558333,948.5152778,39
120597,6/25/22,829.2064706,950.4652941,42
120597,6/26/22,827.07125,952.14625,25
120597,6/27/22,831.1281429,953.072,74
120597,6/28/22,829.3539726,952.4475342,74
120597,6/29/22,827.9242593,952.6238889,57
120597,6/30/22,828.2814035,945.1696491,73
120597,7/1/22,826.8338596,942.0735088,56
120597,7/2/22,829.4846512,954.8597674,45
120597,7/3/22,827.2785714,950.4194286,37
120597,7/4/22,829.0847458,950.7452542,63
120597,7/5/22,829.5425676,954.5285135,77
120597,7/6/22,827.939,948.9176667,62
120597,7/7/22,827.9039344,952.4088525,64
120597,7/8/22,828.7233929,946.8107143,58
120597,7/9/22,828.6394595,948.0854054,40
120597,7/10/22,828.3229032,940.7309677,35
120597,7/11/22,829.1820482,951.0619277,86
120597,7/12/22,827.587625,948.764625,87
120597,7/13/22,828.3533824,951.8294118,72
120597,7/14/22,827.9963077,952.0249231,70
120597,7/15/22,826.0434783,952.622029,76
120597,7/16/22,827.6422222,957.0913333,54
120597,7/17/22,826.4045,945.2185,45
120597,7/18/22,826.454321,942.6891358,89
120597,7/19/22,827.7446575,952.8913699,89
120597,7/20/22,828.4364179,949.2674627,74
120597,7/21/22,827.0836923,941.7415385,68
120597,7/22/22,815.2328169,930.6195775,74
120597,7/23/22,817.3533333,958.4848485,34
120597,7/24/22,827.8809091,961.1586364,22
120597,7/25/22,822.873875,949.63175,86
120597,7/26/22,819.2090769,945.2601538,88
120597,7/27/22,809.8662295,954.3690164,62
120597,7/28/22,824.2134426,954.4527869,63
120597,7/29/22,823.887037,950.6805556,62
120597,7/30/22,822.8669767,953.7448837,48
120597,7/31/22,822.3925926,959.1851852,31
120597,8/1/22,824.8242169,952.2031325,91
120597,8/2/22,821.7854717,942.7739623,56
120597,8/3/22,822.8301471,951.825,78
120597,8/4/22,826.0328767,952.1594521,87
120597,8/5/22,824.0908642,949.7366667,88
120597,8/6/22,823.8144118,948.1644118,39
120597,8/7/22,826.4363265,949.975102,54
120597,8/8/22,825.4105,941.206375,84
120597,8/9/22,825.2993421,949.3425,89
120597,8/10/22,823.5276786,942.1905357,67
120597,8/11/22,826.0777273,958.2924242,68
120597,8/12/22,825.431129,953.4280645,65
120597,8/13/22,825.6694595,954.7040541,43
120597,8/14/22,825.5370968,948.3793548,33
120597,8/15/22,824.4566197,950.0287324,81
120597,8/16/22,826.2397531,956.4503704,84
120597,8/17/22,824.6120833,952.9726389,77
120597,8/18/22,825.0036986,945.6920548,76
120597,8/19/22,825.0547059,948.8627941,75
120597,8/20/22,826.3383333,949.3130952,44
120597,8/21/22,825.6725,956.4785714,34
120597,8/22/22,826.2619512,943.1467073,91
120597,8/23/22,825.5355172,951.1896552,98
120597,8/24/22,826.2590789,957.2722368,83
120597,8/25/22,826.9874074,956.5577778,60
120597,8/26/22,822.5291111,954.9207778,123
120597,8/27/22,826.95,949.2906061,38
120597,8/28/22,826.7469767,957.7311628,43
120597,8/29/22,825.9778313,948.6421687,85
120597,8/30/22,825.1291026,946.9861538,81
120597,8/31/22,826.7842697,958.242809,101
120597,9/1/22,825.9384375,955.3434375,69
120597,9/2/22,826.2825,953.7783824,78
120597,9/3/22,832.0741667,951.7083333,49
120597,9/4/22,814.5191667,945.4166667,38
120597,9/5/22,835.9657471,955.7273563,104
120597,9/6/22,840.2418571,947.8274286,80
120597,9/7/22,848.545,959.7546667,31
120597,9/8/22,841.8746774,956.7419355,75
120597,9/9/22,838.9054651,955.1069767,94
120597,9/10/22,849.84,951.59,59
120597,9/11/22,845.1211429,936.8591429,35
120597,9/12/22,847.4641525,946.7311864,124
120597,9/13/22,848.4073077,952.3692308,82
120597,9/14/22,852.6923864,955.3685227,102
120597,9/15/22,854.4998333,953.4268333,65
120597,9/16/22,850.1684058,946.1373913,81
120597,9/17/22,856.6912195,956.732439,42
120597,9/18/22,857.0185366,955.1968293,41
120597,9/19/22,852.4862637,950.0484615,91
120597,9/20/22,854.6194186,957.5666279,87
120597,9/21/22,853.316,950.0553333,83
120597,9/22/22,855.8285507,949.0326087,74
120597,9/23/22,860.9304839,958.9175806,66
120597,9/24/22,857.2288889,953.2222222,55
120597,9/25/22,862.0264706,953.9585294,35
120597,9/26/22,863.8509195,955.5197701,90
120597,9/27/22,860.1092754,945.8186957,74
120597,9/28/22,857.0015584,947.8962338,80
120597,9/29/22,845.7115476,952.487381,85
120597,9/30/22,832.7089394,937.3687879,64
120597,10/1/22,834.7223333,958.9666667,60
120597,10/2/22,832.4393548,952.0322581,32
120597,10/3/22,844.3937755,958.8729592,107
120597,10/4/22,844.0677528,948.9250562,93
120597,10/5/22,839.7595238,942.362381,89
120597,10/6/22,850.7979104,959.6268657,75
120597,10/7/22,857.5923944,947.1916901,70
120597,10/8/22,842.9562712,948.5388136,64
120597,10/9/22,848.4822857,954.8857143,37
120597,10/10/22,846.63,950.9546835,89
120597,10/11/22,837.0896875,946.6680208,99
120597,10/12/22,844.5391892,954.9889189,37
120597,10/13/22,843.4651852,952.3774074,92
120597,10/14/22,850.1013235,955.6902941,77
120597,10/15/22,846.6611111,950.8648148,55
120597,10/16/22,851.6366667,965.0454762,47
120597,10/17/22,851.5628037,951.6420561,112
120597,10/18/22,852.3546078,954.3114706,112
120597,10/19/22,848.9098795,952.2949398,87
120597,10/20/22,848.2866234,955.7012987,80
120597,10/21/22,853.8003614,951.5896386,93
120597,10/22/22,840.7893478,954.3663043,48
120597,10/23/22,848.7308108,959.6756757,38
120597,10/24/22,847.8541414,958.0964646,103
120597,10/25/22,836.8822222,953.6961111,93
120597,10/26/22,833.5353333,957.2455556,103
120597,10/27/22,844.486875,954.0828125,108
120597,10/28/22,848.9023256,956.5661628,100
120597,10/29/22,849.4958696,955.9782609,46
120597,10/30/22,840.18,956.063871,34
120597,10/31/22,841.9580808,955.1605051,108
120597,11/1/22,839.9304054,956.4148649,75
120597,11/2/22,841.2046429,955.2739286,28
120597,11/3/22,841.0134783,949.3543478,100
120597,11/4/22,843.4031111,956.6248889,117
120597,11/5/22,842.7721875,957.3835938,69
120597,11/6/22,839.8340351,956.705614,64
120597,11/7/22,842.5943636,952.9570909,116
120597,11/8/22,837.8420238,957.184881,88
120597,11/9/22,842.4625926,963.1665432,84
120597,11/10/22,839.3528723,961.3354255,110
120597,11/11/22,841.0048148,958.0618519,88
120597,11/12/22,838.3153704,956.5118519,74
120597,11/13/22,843.6521739,959.2608696,23
120597,11/14/22,834.7183544,948.8201266,82
120597,11/15/22,839.8187179,955.0761538,48
120597,11/16/22,840.7447115,957.6318269,105
120597,11/17/22,838.3737838,961.3672973,76
120597,11/18/22,841.6303896,960.297013,83
120597,11/19/22,842.0711111,957.6193651,66
120597,11/20/22,838.3504651,959.9193023,44
120597,11/21/22,838.5569159,960.4282243,111
120597,11/22/22,838.5542708,956.0647917,98
120597,11/23/22,840.7729167,957.8020833,103
120597,11/24/22,841.4871154,952.6165385,55
120597,11/25/22,842.7236,961.8993333,74
120597,11/26/22,840.7759016,959.3034426,65
120597,11/27/22,836.6745946,953.3789189,37
120597,11/28/22,833.4263415,959.804878,85
120597,11/29/22,842.0853409,957.0510227,95
120597,11/30/22,840.7709474,959.8522105,102
120597,12/1/22,841.084,960.6598824,87
120597,12/2/22,842.1112766,959.4102128,50
120597,12/3/22,839.7096667,956.5166667,62
120597,12/4/22,841.5065,958.45,40
120597,12/5/22,838.5658667,958.4533333,80
120597,12/6/22,841.5143689,959.2116505,118
120597,12/7/22,839.5695833,954.3027778,75
120597,12/8/22,841.8525,960.260119,95
120597,12/9/22,838.9044262,954.9463934,67
120597,12/10/22,842.5970968,958.5593548,35
120597,12/11/22,843.2878378,960.4864865,38
120597,12/12/22,835.4977236,959.6073171,127
120597,12/13/22,834.9924706,954.9611765,88
120597,12/14/22,839.7823529,953.8931765,91
120597,12/15/22,836.382459,958.9508197,68
120597,12/16/22,839.3122857,958.731,74
120597,12/17/22,840.1953061,962.962449,51
120597,12/18/22,833.7418519,951.5925926,30
120597,12/19/22,839.2921739,960.1069565,71
120597,12/20/22,837.8495,959.1347,104
120597,12/21/22,838.5247619,956.9009524,88
120597,12/22/22,840.369697,954.5843939,72
120597,12/23/22,840.91,962.7228767,76
120597,12/24/22,835.1834286,953.0894286,44
120597,12/25/22,830.4842857,955.6666667,20
120597,12/26/22,836.2607692,952.1665385,83
120597,12/27/22,839.3625532,956.4680851,100
120597,12/28/22,830.0007071,959.0459596,99
120597,12/29/22,835.7909231,953.1292308,70
120597,12/30/22,836.5101887,954.6616981,57
120597,12/31/22,836.5274286,954.904,36
120597,1/1/23,829.7586364,960.8113636,22
120597,1/2/23,830.9236607,956.0394643,119
120597,1/3/23,830.0235,956.0651,108
120597,1/4/23,828.8708491,958.8246226,117
120597,1/5/23,832.7774157,959.5079775,100
120597,1/6/23,836.5775676,960.9143243,77
120597,1/7/23,832.533125,957.6695313,68
120597,1/8/23,836.7427273,957,45
120597,1/9/23,831.6605556,961.9672222,114
120597,1/10/23,829.4548214,956.6961607,114
120597,1/11/23,834.1638614,958.5435644,113
120597,1/12/23,827.8942308,956.7119231,107
120597,1/13/23,832.1186747,958.3780723,96
120597,1/14/23,825.7727119,961.3088136,62
120597,1/15/23,834.7312,962.828,51
120597,1/16/23,832.9054472,958.1128455,153
120597,1/17/23,827.5365625,957.0607813,134
120597,1/18/23,831.9467647,956.8391176,109
120597,1/19/23,824.9171569,960.1380392,112
120597,1/20/23,832.6718644,961.9322034,60
120597,1/21/23,815.698,961.3454545,64
120597,1/22/23,823.4408333,958.8352778,50
120597,1/23/23,813.5134211,958.4128947,121
120597,1/24/23,820.4386719,956.9211719,142
120597,1/25/23,818.8549533,960.0991589,112
120597,1/26/23,821.0927885,949.0510577,157
120597,1/27/23,826.999359,959.7816667,82
120597,1/28/23,820.9654386,960.3859649,60
120597,1/29/23,825.7221951,970.5136585,40
120597,1/30/23,820.89704,961.58488,142
120597,1/31/23,824.8961017,959.3872881,124
120597,2/1/23,822.4869903,960.426699,119
120597,2/2/23,819.4656383,952.9190426,109
120597,2/3/23,817.8872727,958.2689773,96
120597,2/4/23,818.8935484,959.5,67
120597,2/5/23,825.7088636,953.2954545,44
120597,2/6/23,826.2806897,960.1209483,117
120597,2/7/23,823.8527723,961.3465347,126
120597,2/8/23,825.9500952,961.0145714,123
120597,2/9/23,820.8401695,961.200339,141
120597,2/10/23,827.974958,957.844958,124
120597,2/11/23,828.3880882,960.1142647,71
120597,2/12/23,829.4242593,958.742037,67
120597,2/13/23,819.3404545,960.6428788,149
120597,2/14/23,812.3338739,960.9536937,123
120597,2/15/23,820.0378846,959.5858654,121
120597,2/16/23,823.6858197,960.0127869,137
120597,2/17/23,827.8068182,957.6450758,139
120597,2/18/23,816.7120408,958.5065306,56
120597,2/19/23,825.6963158,959.1052632,19
120597,2/20/23,814.9143182,958.4070455,46
120597,2/21/23,827.9084091,961.3636364,49
120597,2/22/23,812.467,961.7216364,117
120597,2/23/23,811.5300917,959.2178899,129
120597,2/24/23,828.1491753,961.6485567,110
120597,2/25/23,824.8868627,955.9209804,120
120597,2/28/23,822.1976238,963.3616832,117
120597,3/5/23,816.3134375,961.03125,42
120597,3/6/23,825.7016,962.0038667,94
120597,3/8/23,826.6185965,956.6666667,68
120597,3/9/23,828.4491176,962.9955882,35
120597,3/13/23,825.8061364,952.7936364,46
120597,3/14/23,823.7602703,964.772973,37
120597,3/15/23,814.6649275,960.8543478,177
120597,3/16/23,812.9352514,962.4109497,217
120597,3/17/23,818.6690845,960.7228169,185
120597,3/18/23,810.6990826,958.4693578,124
120597,3/19/23,803.6667347,958.3673469,53
120597,3/20/23,808.4570492,964.3914754,135
120597,3/21/23,804.1491209,958.0015385,100
120597,3/22/23,820.5868468,959.9648649,126
120597,3/23/23,812.7099213,960.7716535,144
120597,3/24/23,812.3500787,961.963622,143
120597,3/25/23,802.1522535,968.8740845,73
120597,3/26/23,818.3423913,959.6521739,48
120597,3/27/23,813.2528571,961.5577143,174
120597,3/28/23,812.8517164,961.028806,142
120597,3/29/23,803.17,960.0279577,155
120597,3/30/23,807.7562097,963.0339516,139
120597,3/31/23,814.980604,957.3112752,179
120597,4/1/23,818.3301613,962.7903226,64
120597,4/2/23,822.3303704,958.5416667,68
120597,4/3/23,815.3984091,1008.340758,137
120597,4/4/23,816.4551754,1010.871316,125
120597,4/5/23,813.3593103,1008.187069,146
120597,4/6/23,810.3481818,1010.147879,144
120597,4/7/23,823.4616667,1010.023333,40
120597,4/8/23,808.7082143,1015.114286,60
120597,4/9/23,815.2069697,1011.080303,32
120597,4/10/23,817.0670513,1006.593013,164
120597,4/11/23,812.091773,1017.127021,155
120597,4/12/23,812.8444526,1015.144307,151
120597,4/13/23,813.8539496,1013.978908,152
120597,4/14/23,812.1048958,1015.894063,112
120597,4/15/23,817.7982051,1016.782051,90
120597,4/16/23,819.0911111,1016.622222,46
120597,4/17/23,815.7069048,1014.37869,88
120597,4/18/23,802.9838667,1015.44,91
120597,4/19/23,827.2241509,1017,56
120597,4/20/23,824.48,1001.292683,76
120597,4/21/23,825.1241667,1023.618333,15
120597,4/22/23,823.015,1017,19
120597,4/23/23,827.285,1017,8
120597,4/24/23,822.7572727,1010.135909,23
120597,4/25/23,825.2733333,1017,13
120597,4/26/23,823.6280645,1019.131935,33
120597,4/27/23,825.0433333,1012.72359,40
120597,4/28/23,735.2673333,1020.838556,110
120597,4/29/23,751.0696377,1019.052101,182
120597,4/30/23,739.5215686,1019.721765,57
120597,5/1/23,736.0275,1018.047656,72
120597,5/2/23,733.8745399,1018.629816,181
120597,5/3/23,754.5738462,1012.25641,130
120597,5/4/23,807.8930769,1017,97
120597,5/5/23,750.5091781,1015.603973,88
120597,5/6/23,796.5207143,1019.982143,64
120597,5/7/23,816.8123077,1015.821154,31
120597,5/8/23,806.1970115,1011.37931,97
120597,5/9/23,781.7426667,1013.72,86
120597,5/10/23,795.5966197,1010.287606,86
120597,5/11/23,775.8553061,1018.297755,61
120597,5/12/23,799.5844828,1016.994828,33
120597,5/13/23,798.5215789,1016.105263,21
120597,5/14/23,763.2875,1017,12
120597,5/15/23,807.9797059,1028.051471,35
120597,5/16/23,790.1199225,1018.706434,151
120597,5/17/23,830.1189815,1014.180463,270
120597,5/18/23,828.0912736,1015.695802,256
120597,5/19/23,822.4416535,1017,149
120597,5/20/23,831.5173684,1018.094868,90
120597,5/21/23,839.8715,1015.96075,40
120597,5/22/23,845.0380374,1017.163925,119
120597,5/23/23,837.5191304,1018.213261,104
120597,5/24/23,839.1203614,1016.228916,91
120597,5/25/23,844.627459,1016.532787,143
120597,5/26/23,846.4362821,1016.782051,84
120597,5/27/23,841.3734783,1018.177681,73
120597,5/28/23,845.8961702,1017,71
120597,5/29/23,846.8858416,1016.663366,106
120597,5/30/23,844.6385981,1018.525514,125
120597,5/31/23,839.3286364,1012.340909,93
120597,6/1/23,827.8317708,1017.566563,106
120597,6/2/23,848.2191954,1016.876092,90
120597,6/3/23,843.4082353,1021.005686,51
120597,6/4/23,837.932449,1017.743265,51
120597,6/5/23,837.8903226,1015.282661,130
120597,6/6/23,838.7611009,1014.370826,120
120597,6/7/23,838.2442056,1016.690093,124
120597,6/8/23,847.5587273,1016.571273,59
120597,6/9/23,848.2472897,1014.515234,120
120597,6/11/23,839.5715385,1017.233269,55
120597,6/12/23,848.4019084,1015.267252,156
120597,6/13/23,847.8427731,1017.676807,134
120597,6/14/23,841.7253913,1015.965217,128
120597,6/17/23,848.1957813,1016.734375,67
120597,6/18/23,844.0737838,1016.486486,41
120597,6/19/23,837.4020548,1015.499589,83
120597,6/20/23,841.89,1015,73
120597,6/21/23,850.2295294,1016.352941,99
120597,6/22/23,837.5657778,1016.4,57
120597,6/23/23,853.044375,1016.46875,33
120597,6/24/23,856.447,1028.8785,25
120597,6/25/23,859.8884615,1017,18
120597,6/26/23,858.5358824,1017.005588,36
120597,6/27/23,849.3562069,1015.294483,33
120597,6/28/23,854.616129,1017,46
120597,6/29/23,844.5810526,1016.191053,202
120597,6/30/23,852.124058,1015.953261,162
120597,7/1/23,863.5542708,1016.614583,109
120597,7/2/23,856.8952273,1017,45
120597,7/3/23,852.0365333,1016.7716,173
120597,7/4/23,846.395035,1016.633007,193
120597,7/5/23,851.1733071,1015.774016,137
120597,7/6/23,855.9431081,1018.125676,90
120597,7/7/23,855.8769608,1016.790098,117
120597,7/8/23,854.9638028,1017,77
120597,7/9/23,852.3142105,1018.691579,68
120597,7/11/23,854.4314063,1016.708359,144
120597,7/12/23,844.7368103,1016.998707,148
120597,7/13/23,853.8410435,1016.882783,127
120597,7/14/23,851.0546154,1020.742885,117
120597,7/15/23,855.7753846,1020.196462,85
120597,7/16/23,857.4395238,1016.995952,45
120597,7/17/23,857.6219512,1017.828455,135
120597,7/18/23,849.3075573,1017.614046,148
120597,7/19/23,841.3080851,1017,119
120597,7/20/23,838.2991398,1018.036774,104
120597,7/22/23,861.8749057,1018.819245,59
120597,7/23/23,866.6546939,1019.28102,60
120597,7/24/23,862.7033333,1019.304865,134
120597,7/25/23,859.5541176,1016.735294,130
120597,7/26/23,865.0421951,1019.141707,98
120597,7/27/23,869.401773,1016.638369,170
120597,7/28/23,867.8750515,1016.560515,136
120597,7/29/23,855.8058929,1017,67
120597,7/30/23,861.1420455,1015.860227,49
120597,7/31/23,852.3785135,1018.750878,174
120597,8/1/23,849.6619,1018.1454,104
120597,8/2/23,858.380625,1016.991771,110
120597,8/3/23,855.0322222,1018.880171,126
120597,8/4/23,862.1381633,1016.548367,115
120597,8/5/23,846.828,1021.279286,80
120597,8/6/23,852.4635849,1016.490566,55
120597,8/7/23,865.4934677,1022.170403,131
120597,8/8/23,848.9249587,1017.79686,140
120597,8/9/23,852.826422,1017.713486,122
120597,8/10/23,854.8091743,1016.954862,136
120597,8/11/23,862.8268367,1017.547653,103
120597,8/12/23,863.5012329,1013.794521,86
120597,8/13/23,850.8370909,1021.313273,57
120597,8/14/23,864.1870968,1016.782258,131
120597,8/15/23,857.335,1016.995833,65
120597,8/16/23,844.4871304,1016.998696,136
120597,8/17/23,861.6271296,1016.952315,149
120597,8/18/23,852.9057364,1017.528605,138
120597,8/19/23,856.6242,1017,67
120597,8/20/23,854.0776471,1017,35
120597,8/21/23,852.0050526,1019.317158,105
120597,8/22/23,864.4595604,1020.333407,100
120597,8/23/23,861.538875,1019.751625,86
120597,8/24/23,845.3291379,1016.997414,67
120597,8/25/23,865.6643902,1022.027073,44
120597,8/26/23,868.8551111,1017,54
120597,8/27/23,855.3503571,1016.34,31
120597,8/28/23,853.0316901,1016.169014,80
120597,8/29/23,870.5399099,1017.733514,131
120597,8/30/23,863.6586087,1016.42113,129
120597,8/31/23,873.700597,1016.999328,152
120597,9/1/23,887.2344954,1018.362752,114
120597,9/2/23,880.8564103,1017,88
120597,9/3/23,871.9259574,1017,47
120597,9/4/23,869.5281757,1019.846014,159
120597,9/6/23,872.2744915,1016.483051,138
120597,9/8/23,887.2716822,1017.901121,112
120597,9/11/23,874.6260839,1017.781608,154
120597,9/13/23,889.3735659,1017.615659,133
120597,9/14/23,878.8029167,1019.329583,139
120597,9/15/23,885.3793578,1017.563945,125
120597,9/25/23,888.1744286,1016.647643,158
120597,9/26/23,886.1033333,1017,117
120597,9/27/23,871.8387379,1015.951359,105
120597,9/30/23,883.0330882,1014.766912,82
120597,10/1/23,881.4957407,1017,56
120597,10/2/23,883.9263333,1016.704667,160
120597,10/4/23,880.3008333,1016.842593,114
120597,10/6/23,890.6539286,1019.800714,30